dataset,class,n,n_flat_fixed,n_flat_orig,SG_mean,SG_sd,SI_mean,SI_sd,GI_mean,GI_sd,mean_IoU,del_auc,del_auc_lo,del_auc_hi,ins_auc,ins_auc_lo,ins_auc_hi,del_auc_random,del_auc_random_lo,del_auc_random_hi,ins_auc_random,ins_auc_random_lo,ins_auc_random_hi
D1,glioma,50,0,3,0.0880174594299055,0.055887085068562437,0.1620412660093425,0.04868812594122304,0.07986372157761007,0.05035986894102413,0.10997414900561936,0.327244339287281,0.30690380286425356,0.34827080395817755,0.8426181566715241,0.8109950082898141,0.8712841032445431,0.5373728007078171,0.5168231495767832,0.5574712802916765,0.6510647296905517,0.6188397727161645,0.6813260398656129
D1,meningioma,50,0,1,0.06772747363083267,0.05539609994778307,0.1356935196674847,0.045838676304519425,0.05125126124744077,0.028667859750753456,0.08489075151525272,0.3071720349788666,0.2716893791928887,0.34700197859108445,0.5382247799634934,0.4704711073711515,0.6070152411907911,0.21982332050800324,0.20117338804155588,0.24010817469656467,0.2114592945575714,0.18860034934431313,0.23714524115994573
D1,no_tumor,50,0,0,0.04875437332816866,0.023876449084641517,0.10038020099214907,0.034978774521917486,0.05818273048916933,0.05041224062114702,0.06910576826982902,0.47989172786474227,0.4517319456487894,0.5062482148185372,0.5991920238733291,0.5596112407892943,0.6391598761081696,0.3074580356478691,0.2812874654829502,0.33432338847219945,0.5690985453128815,0.5389183541983366,0.5994644729048013
D1,pituitary,50,2,2,0.08168746436415333,0.06105209300023363,0.14328671610051255,0.03587648250843161,0.07943066275386332,0.03694163033478855,0.10146828107284307,0.15947410717606544,0.15103427299857142,0.1676430065408349,0.5031892904639244,0.4683681211918592,0.5372641453966498,0.09807444632053375,0.09514249514415861,0.10112404667213559,0.20196802854537965,0.1909055569693446,0.21341276363283396
D2,glioma,50,0,3,0.07364982381027989,0.04882431124780097,0.14018114833276835,0.037640452228666396,0.07306619596936308,0.04080575398991623,0.09563238937080377,0.32325815200805663,0.3019951533898711,0.3456805799007415,0.8866917902231216,0.8458608746230603,0.9186558745205402,0.18239189326763153,0.1727155428789556,0.19264174380153418,0.7562354871630669,0.7113222134709358,0.7952332714647055
D2,meningioma,50,0,0,0.06473279918906515,0.07119550472151695,0.14370258117562978,0.04667646431339016,0.05215323087644483,0.03883528931590823,0.08686287041371325,0.21357135698199273,0.1826742647588253,0.24665331786125896,0.7045005023479461,0.6392724544256926,0.7687813078314066,0.1426670976728201,0.12620130320265888,0.1600012491233647,0.17141196966171265,0.13549318431690335,0.21451644092425698
D2,no_tumor,50,0,8,0.05047492488327225,0.035789931936316105,0.07443833701023941,0.04973604798301992,0.03851902030916827,0.03431521014090262,0.054477427400893313,0.700471361875534,0.6782197305560111,0.7224347595870495,0.8149294793605805,0.7811235886216163,0.8476709013283253,0.8042295753955842,0.7899265034198761,0.8182109162211417,0.7887408325076103,0.7549738908410073,0.8176783230900764
D2,pituitary,50,0,1,0.08316017202013354,0.07140690480751914,0.14940491060484995,0.031307945095398304,0.0757685360023185,0.04399030910106772,0.10277787287576734,0.14934114567935466,0.1376288573425263,0.16112748062424362,0.5596217352151871,0.5273973791450263,0.5904521879851818,0.0682744511961937,0.06427783052437007,0.0721323091108352,0.19832154959440232,0.18561914029717447,0.21028939639776942
D3,glioma,50,0,1,0.05834588307368631,0.049118938218021664,0.1413843988161391,0.04457853762432317,0.05163623675083254,0.03099714293290063,0.08378883954688598,0.8433456003665925,0.8355069248974323,0.8507178964316845,0.9495235919952393,0.9398600959181785,0.9578249195218086,0.8597494792938233,0.8548346244096756,0.8640869464874267,0.9322886645793915,0.915101527184248,0.9452106428444386
D3,meningioma,50,0,0,0.09015259139318371,0.07139513080000041,0.17427003715757494,0.033226080990791114,0.08382400886272152,0.05477767479946579,0.11608221247116006,0.05139665886759758,0.04873209731280804,0.054466473937034604,0.533582233786583,0.4888446697369218,0.5792493513673544,0.05578484803438186,0.053654205100610856,0.05800000576302409,0.173212333843112,0.13758674204163254,0.21024097920767962
D3,pituitary,50,4,9,0.07239047419676012,0.043058657207031545,0.12721563933699012,0.029500145829674123,0.06752468196423343,0.02815261562043987,0.0890435984993279,0.17731183484196664,0.16665095468610525,0.18802799482643603,0.4335228908061981,0.4003458128124475,0.4688165684789419,0.11927337542176247,0.11449223426356911,0.12410208994522691,0.23603255331516265,0.21648686917126178,0.25723760349303487
D4,glioma,50,0,1,0.05626232693751607,0.038322419057878046,0.13834772542639912,0.04662721726383577,0.05224196942686485,0.031163766187367745,0.08228400726359335,0.3260514098405838,0.3071273839101195,0.34509253619611263,0.8790282547473908,0.849934486836195,0.9022674567103386,0.36595008671283724,0.3456659751385451,0.3868048184514046,0.5560139325261116,0.511278553776443,0.59844134195894
D4,meningioma,50,0,0,0.0697264097396158,0.04896417117534343,0.13609529870593112,0.04449289563864523,0.055576651260363076,0.032832730882186134,0.08713278656863667,0.27849684700369837,0.2497867733724415,0.30917334961891174,0.6541737404465675,0.5813819130212069,0.7221101911216974,0.38267864644527433,0.3435609917417169,0.42670692041516306,0.21211140371859075,0.18084588793106376,0.24680229455418884
D4,no_tumor,50,4,8,0.042962398128121644,0.03820321426356935,0.0698087670901893,0.037577398274809846,0.037607653515265,0.03452831623951167,0.05012627291119198,0.6149249702692032,0.585820688828826,0.640841320425272,0.7616720700263977,0.7218258674442768,0.7975669168233871,0.412098750770092,0.3847729499414563,0.43980798197537657,0.7630407100915909,0.7345842636823654,0.7890385158210993
D4,pituitary,50,0,4,0.050005440374399364,0.0568319093243554,0.14036308459867292,0.037981538069800806,0.053245087938214725,0.04092932197597912,0.08120453763709566,0.1626346293091774,0.1512797139286995,0.17495403718203306,0.5557479405403137,0.5266310619562864,0.5844196577966213,0.11533096462488174,0.10999777211993933,0.12048423421010374,0.22684024393558502,0.21200641357898714,0.24211687479168176
