dataset,delta,n_pairs_at_delta,path_a,label_a,path_b,label_b
D1,0,713,/kaggle/input/datasets/sartajbhuvaji/brain-tumor-classification-mri/Testing/no_tumor/image(22).jpg,no_tumor,/kaggle/input/datasets/sartajbhuvaji/brain-tumor-classification-mri/Testing/no_tumor/image(61).jpg,no_tumor
D1,3,88,/kaggle/input/datasets/sartajbhuvaji/brain-tumor-classification-mri/Training/pituitary_tumor/p (43).jpg,pituitary,/kaggle/input/datasets/sartajbhuvaji/brain-tumor-classification-mri/Training/pituitary_tumor/p (44).jpg,pituitary
D1,6,493,/kaggle/input/datasets/sartajbhuvaji/brain-tumor-classification-mri/Training/pituitary_tumor/p (505).jpg,pituitary,/kaggle/input/datasets/sartajbhuvaji/brain-tumor-classification-mri/Training/pituitary_tumor/p (506).jpg,pituitary
D1,7,585,/kaggle/input/datasets/sartajbhuvaji/brain-tumor-classification-mri/Training/pituitary_tumor/p (385).jpg,pituitary,/kaggle/input/datasets/sartajbhuvaji/brain-tumor-classification-mri/Training/pituitary_tumor/p (51).jpg,pituitary
D1,8,1028,/kaggle/input/datasets/sartajbhuvaji/brain-tumor-classification-mri/Training/pituitary_tumor/p (288).jpg,pituitary,/kaggle/input/datasets/sartajbhuvaji/brain-tumor-classification-mri/Training/pituitary_tumor/p (324).jpg,pituitary
D2,0,220,/kaggle/input/datasets/briscdataset/brisc2025/brisc2025/classification_task/train/pituitary/brisc2025_train_04218_pi_co_t1.jpg,pituitary,/kaggle/input/datasets/briscdataset/brisc2025/brisc2025/classification_task/test/pituitary/brisc2025_test_00834_pi_co_t1.jpg,pituitary
D2,3,148,/kaggle/input/datasets/briscdataset/brisc2025/brisc2025/classification_task/train/pituitary/brisc2025_train_04549_pi_sa_t1.jpg,pituitary,/kaggle/input/datasets/briscdataset/brisc2025/brisc2025/classification_task/train/pituitary/brisc2025_train_04550_pi_sa_t1.jpg,pituitary
D2,6,1139,/kaggle/input/datasets/briscdataset/brisc2025/brisc2025/classification_task/train/pituitary/brisc2025_train_04688_pi_sa_t1.jpg,pituitary,/kaggle/input/datasets/briscdataset/brisc2025/brisc2025/classification_task/train/pituitary/brisc2025_train_04692_pi_sa_t1.jpg,pituitary
D2,7,1545,/kaggle/input/datasets/briscdataset/brisc2025/brisc2025/classification_task/train/pituitary/brisc2025_train_04707_pi_sa_t1.jpg,pituitary,/kaggle/input/datasets/briscdataset/brisc2025/brisc2025/classification_task/train/pituitary/brisc2025_train_04709_pi_sa_t1.jpg,pituitary
D2,8,2826,/kaggle/input/datasets/briscdataset/brisc2025/brisc2025/classification_task/train/pituitary/brisc2025_train_04563_pi_sa_t1.jpg,pituitary,/kaggle/input/datasets/briscdataset/brisc2025/brisc2025/classification_task/train/pituitary/brisc2025_train_04565_pi_sa_t1.jpg,pituitary
D3,0,24,/kaggle/input/datasets/denizkavi1/brain-tumor/3/2105.png,pituitary,/kaggle/input/datasets/denizkavi1/brain-tumor/3/2108.png,pituitary
D3,3,120,/kaggle/input/datasets/denizkavi1/brain-tumor/3/1716.png,pituitary,/kaggle/input/datasets/denizkavi1/brain-tumor/3/1723.png,pituitary
D3,6,1008,/kaggle/input/datasets/denizkavi1/brain-tumor/3/1644.png,pituitary,/kaggle/input/datasets/denizkavi1/brain-tumor/3/1670.png,pituitary
D3,7,1373,/kaggle/input/datasets/denizkavi1/brain-tumor/3/1412.png,pituitary,/kaggle/input/datasets/denizkavi1/brain-tumor/3/924.png,pituitary
D3,8,2693,/kaggle/input/datasets/denizkavi1/brain-tumor/3/1382.png,pituitary,/kaggle/input/datasets/denizkavi1/brain-tumor/3/1387.png,pituitary
D4,0,1929,/kaggle/input/datasets/masoudnickparvar/brain-tumor-mri-dataset/Training/notumor/Tr-no_896.jpg,no_tumor,/kaggle/input/datasets/masoudnickparvar/brain-tumor-mri-dataset/Testing/notumor/Te-no_64.jpg,no_tumor
D4,3,572,/kaggle/input/datasets/masoudnickparvar/brain-tumor-mri-dataset/Training/notumor/Tr-no_991.jpg,no_tumor,/kaggle/input/datasets/masoudnickparvar/brain-tumor-mri-dataset/Testing/notumor/Te-no_60.jpg,no_tumor
D4,6,1616,/kaggle/input/datasets/masoudnickparvar/brain-tumor-mri-dataset/Training/pituitary/Tr-pi_275.jpg,pituitary,/kaggle/input/datasets/masoudnickparvar/brain-tumor-mri-dataset/Training/pituitary/Tr-pi_774.jpg,pituitary
D4,7,2081,/kaggle/input/datasets/masoudnickparvar/brain-tumor-mri-dataset/Training/pituitary/Tr-pi_281.jpg,pituitary,/kaggle/input/datasets/masoudnickparvar/brain-tumor-mri-dataset/Training/pituitary/Tr-pi_826.jpg,pituitary
D4,8,3432,/kaggle/input/datasets/masoudnickparvar/brain-tumor-mri-dataset/Training/pituitary/Tr-pi_322.jpg,pituitary,/kaggle/input/datasets/masoudnickparvar/brain-tumor-mri-dataset/Training/pituitary/Tr-pi_888.jpg,pituitary
