dataset,metric,stored_point,stored_ci_low,stored_ci_high,converged_point,converged_ci_low,converged_ci_high
D1,Accuracy,0.9294117647058824,0.9029411764705882,0.9558823529411765,0.9294117647058824,0.9029411764705882,0.9558823529411765
D1,Precision,0.9315367526320874,0.9066337648389149,0.9576767244548421,0.9315367526320874,0.9066337648389149,0.9576767244548421
D1,Recall,0.9294117647058824,0.9029411764705882,0.9558823529411765,0.9294117647058824,0.9029411764705882,0.9558823529411765
D1,F1-Score,0.929213705684294,0.9015285139749127,0.955946941579234,0.929213705684294,0.9015285139749127,0.955946941579234
D1,AUC,0.9895807271098569,0.982759671247784,0.9956519889094112,0.9896067138431331,0.9827065619926708,0.9956443074649154
D1,Kappa,0.9044071132353975,0.8672210905116347,0.940331441286869,0.9044071132353975,0.8672210905116347,0.940331441286869
D1,Brier,0.11743554210796826,0.08410018854995806,0.15275008934858603,0.11521012149300658,0.0802101373433148,0.15249373336948674
D1,Specificity,0.9765533259965966,0.9675263644693699,0.9855598808868038,0.9765533259965966,0.9675263644693699,0.9855598808868038
D2,Accuracy,0.9766355140186916,0.9641744548286605,0.9875389408099688,0.9766355140186916,0.9641744548286605,0.9875389408099688
D2,Precision,0.9767758869650762,0.9646925226911557,0.9876701291191523,0.9767758869650762,0.9646925226911557,0.9876701291191523
D2,Recall,0.9766355140186916,0.9641744548286605,0.9875389408099688,0.9766355140186916,0.9641744548286605,0.9875389408099688
D2,F1-Score,0.9766303219821623,0.964160740785134,0.9875459119754763,0.9766303219821623,0.964160740785134,0.9875459119754763
D2,AUC,0.9971045021919974,0.9936506003738427,0.9994460213182804,0.9972223037140363,0.9938447671130802,0.9994463536521454
D2,Kappa,0.9685954024712777,0.9517494972611182,0.9832680760607552,0.9685954024712777,0.9517494972611182,0.9832680760607552
D2,Brier,0.043241511351834516,0.024871761254388787,0.06346038314154974,0.04372889712455755,0.02431396805007049,0.06531143113146284
D2,Specificity,0.992199495557629,0.9879906202467394,0.9958516402318773,0.992199495557629,0.9879906202467394,0.9958516402318773
D3,Accuracy,0.9531772575250836,0.9264214046822743,0.9765886287625418,0.9531772575250836,0.9264214046822743,0.9765886287625418
D3,Precision,0.9541675364521461,0.9300892282985175,0.9770627603822404,0.9541675364521461,0.9300892282985175,0.9770627603822404
D3,Recall,0.9531772575250836,0.9264214046822743,0.9765886287625418,0.9531772575250836,0.9264214046822743,0.9765886287625418
D3,F1-Score,0.9533206739234176,0.9270304523273791,0.9766062012960185,0.9533206739234176,0.9270304523273791,0.9766062012960185
D3,AUC,0.9907352363546261,0.9787464715824001,0.9983570046765307,0.9907938046149889,0.9787823575608182,0.9983422336254797
D3,Kappa,0.9282235939643347,0.8880848068841084,0.9641178263023977,0.9282235939643347,0.8880848068841084,0.9641178263023977
D3,Brier,0.07124798863762331,0.03768743636696584,0.10845230410193075,0.0721421619390686,0.036594293010302176,0.11231069128242553
D3,Specificity,0.9755813953488373,0.9618091483348156,0.9878076018808778,0.9755813953488373,0.9618091483348156,0.9878076018808778
D4,Accuracy,0.9666110183639399,0.9515859766277128,0.9799666110183639,0.9666110183639399,0.9515859766277128,0.9799666110183639
D4,Precision,0.9677504514234233,0.954101219817016,0.9807030931353791,0.9677504514234233,0.954101219817016,0.9807030931353791
D4,Recall,0.9666110183639399,0.9515859766277128,0.9799666110183639,0.9666110183639399,0.9515859766277128,0.9799666110183639
D4,F1-Score,0.9664988328915692,0.951286888436661,0.9799744861261905,0.9664988328915692,0.951286888436661,0.9799744861261905
D4,AUC,0.9940218851356745,0.9897023179330138,0.9974699575687175,0.993993368596448,0.9896497921804852,0.997431581551657
D4,Kappa,0.9554064969532736,0.9352463450960433,0.9732456285214474,0.9554064969532736,0.9352463450960433,0.9732456285214474
D4,Brier,0.06155786665050994,0.039135484790810984,0.08732656413673866,0.061979393939082875,0.03847541139579241,0.0889843723369155
D4,Specificity,0.9888421147916195,0.9838363028700065,0.9933683213633638,0.9888421147916195,0.9838363028700065,0.9933683213633638
