dataset,condition,T,ece,brier,nll,auc_macro_ovr,accuracy
D1,uncalibrated,1.0,0.05030983160523811,0.11748397385268297,0.24243709444999695,0.9895697698868555,0.9294117647058824
D1,stored_T,0.9981,0.04996272500823529,0.11743554210796826,0.24219153821468353,0.9895807271098569,0.9294117647058824
D1,converged_T,0.8752,0.028761661052703842,0.11521012149300658,0.22990688681602478,0.9896067138431331,0.9294117647058824
D2,uncalibrated,1.0,0.045586575878743485,0.044059203024155176,0.12421337515115738,0.996996012697373,0.9766355140186916
D2,stored_T,0.907,0.028850840723774522,0.043241511351834516,0.11287666857242584,0.9971045021919974,0.9766355140186916
D2,converged_T,0.7446,0.01288880885947156,0.04372889712455755,0.10466201603412628,0.9972223037140363,0.9766355140186916
D3,uncalibrated,1.0,0.03834226079609081,0.07198755859333433,0.15989908576011658,0.9907135820846659,0.9531772575250836
D3,stored_T,0.8767,0.03399366090528943,0.07124798863762331,0.1499582827091217,0.9907352363546261,0.9531772575250836
D3,converged_T,0.7351,0.018019715479783757,0.0721421619390686,0.14800897240638733,0.9907938046149889,0.9531772575250836
D4,uncalibrated,1.0,0.041539330116297415,0.06236991979093589,0.1590157002210617,0.9940376039573916,0.9666110183639399
D4,stored_T,0.8996,0.01880927893872647,0.06155786665050994,0.15031376481056213,0.9940218851356745,0.9666110183639399
D4,converged_T,0.7368,0.017955030145151568,0.061979393939082875,0.14976733922958374,0.993993368596448,0.9666110183639399
