dataset,coverage,accuracy,threshold
D1,0.5,1.0,0.9698259234428406
D1,0.55,1.0,0.9660556316375732
D1,0.6,0.9852941176470589,0.9624673128128052
D1,0.65,0.9864253393665159,0.9551529884338379
D1,0.7,0.9873949579831933,0.9435920715332031
D1,0.75,0.9803921568627451,0.9209715127944946
D1,0.8,0.9705882352941176,0.8766310811042786
D1,0.85,0.9688581314878892,0.7971950769424438
D1,0.9,0.9575163398692811,0.6771207451820374
D1,0.95,0.9473684210526315,0.5591280460357666
D1,1.0,0.9294117647058824,0.38841304183006287
D2,0.5,0.9968847352024922,0.9886795878410339
D2,0.55,0.9971671388101983,0.9884064197540283
D2,0.6,0.9974025974025974,0.9880671501159668
D2,0.65,0.9976019184652278,0.9876817464828491
D2,0.7,0.9977728285077951,0.9872565269470215
D2,0.75,0.9979253112033195,0.9866979718208313
D2,0.8,0.9980544747081712,0.9851179122924805
D2,0.85,0.9981684981684982,0.9831441044807434
D2,0.9,0.9948096885813149,0.9748972654342651
D2,0.95,0.9901639344262295,0.940230131149292
D2,1.0,0.9766355140186916,0.4889451563358307
D3,0.5,0.9933333333333333,0.9885619878768921
D3,0.55,0.9939024390243902,0.9880257248878479
D3,0.6,0.994413407821229,0.9871124625205994
D3,0.65,0.9948453608247423,0.9858714938163757
D3,0.7,0.9952153110047847,0.9838823080062866
D3,0.75,0.9955357142857143,0.9793941378593445
D3,0.8,0.9916317991631799,0.9742364883422852
D3,0.85,0.9921259842519685,0.9615915417671204
D3,0.9,0.9776951672862454,0.9336951971054077
D3,0.95,0.9753521126760564,0.8638041019439697
D3,1.0,0.9531772575250836,0.4103877544403076
D4,0.5,1.0,0.9900394082069397
D4,0.55,1.0,0.9895215034484863
D4,0.6,1.0,0.9888243079185486
D4,0.65,1.0,0.9883445501327515
D4,0.7,0.9928400954653938,0.987723708152771
D4,0.75,0.9933184855233853,0.9865409731864929
D4,0.8,0.9874739039665971,0.9847770929336548
D4,0.85,0.9882121807465619,0.9807673692703247
D4,0.9,0.9795918367346939,0.96295166015625
D4,0.95,0.9771528998242531,0.893151581287384
D4,1.0,0.9666110183639399,0.47785332798957825
