source,target,pipeline,scope,stratum,n,acc,acc_lo,acc_hi,bal_acc,f1_weighted,f1_macro,auc,kappa,brier,ece,delta_acc
D2,D4,published,test,ALL,599,79.29883,76.12688,82.47079,78.76153609515997,78.41243273874932,78.22360035297578,94.81819959207081,0.722662405066127,0.30872384256519914,0.06898128389317126,18.361176
D2,D4,published,test,exposed,372,81.451614,77.41935,85.21506,85.52550918672553,80.39873885261991,78.22110615079364,97.94785542142745,0.7308135998489838,0.26403660992745537,0.05971978316383975,16.20839
D2,D4,published,test,not_exposed,227,75.77093,69.60352,81.05727,63.50320512820513,75.78921984523178,62.31299224896604,87.16992991889913,0.5459999999999999,0.38195578327551055,0.10154769126539188,21.889076
D2,D4,published,test,clean,198,74.747475,68.68687,80.80808,51.14712927212928,75.17266790756257,49.355681158272624,82.31441642112243,0.4286044095578899,0.40673586011365215,0.11509411834707164,22.912529
D2,D4,training,test,ALL,599,94.99165,93.15526,96.6611,95.10732841126605,95.0116797124382,95.03589240932148,98.88431019798087,0.933171188861121,0.0918293612846488,0.031348453987022906,2.6683502
D2,D4,training,test,exposed,372,99.19355,98.11828,100.0,99.38991596638655,99.1958747933098,99.37909433332592,99.26949912728685,0.9882015879224857,0.016444125860091776,0.0033959395462466544,-1.5335464
D2,D4,training,test,not_exposed,227,88.10573,84.14097,92.07048,82.6698717948718,88.41477352731954,81.08914487339145,94.57434922489377,0.7786165793751129,0.2153681611874471,0.08649665760573835,9.5542755
D2,D4,training,test,clean,198,86.36364,81.31313,90.909096,71.23909623909624,86.4560639070443,66.70751633986927,89.96741470573124,0.6911611785095321,0.24656439080606218,0.10179445854943212,11.296364
D2,D4,training,full,ALL,7200,96.69444,96.291664,97.09757,96.69444444444444,96.69394670444343,96.69394670444343,99.48872556584362,0.955925925925926,0.05664591958523216,0.00550335749983791,0.9655609
D2,D4,training,full,exposed,4453,99.326294,99.07928,99.550865,99.21077158783977,99.32634411289062,99.22652560612968,99.84608710173069,0.99004855121089,0.011625358416313002,0.00812181920087549,-1.6662903
D2,D4,training,full,not_exposed,2747,92.42811,91.44521,93.410995,91.77504117041595,92.61894836047613,89.63373903585776,97.72668442072457,0.8675389894288706,0.12962610119615206,0.025068824958228403,5.2318954
D2,D4,training,full,clean,2182,91.20073,90.00916,92.300644,81.82736851637853,91.78419718722036,76.43412739661912,94.2773168442614,0.7762997706098702,0.14921242339876103,0.0299011050808004,6.4592743
D2,D4,harmonised,test,ALL,599,94.99165,93.15526,96.49834,95.10732841126605,95.0116797124382,95.03589240932148,98.88431019798087,0.933171188861121,0.09210956587641335,0.034505711224719994,2.6683502
D2,D4,harmonised,test,exposed,372,99.19355,98.3871,100.0,99.38991596638655,99.1958747933098,99.37909433332592,99.26949912728685,0.9882015879224857,0.016444125860091776,0.0033959395462466544,-1.5335464
D2,D4,harmonised,test,not_exposed,227,88.10573,83.70044,92.51102,82.6698717948718,88.41477352731954,81.08914487339145,94.57434922489377,0.7786165793751129,0.21610755568289627,0.09336671233177184,9.5542755
D2,D4,harmonised,test,clean,198,86.36364,81.818184,90.909096,71.23909623909624,86.4560639070443,66.70751633986927,89.96741470573124,0.6911611785095321,0.24741208045488527,0.10775619971029689,11.296364
D2,D4,harmonised,full,ALL,7200,96.666664,96.25,97.09722,96.66666666666667,96.66513335514581,96.6651333551458,99.50347608024693,0.9555555555555556,0.057203675537670785,0.005539621503816752,0.99333954
D2,D4,harmonised,full,exposed,4453,99.326294,99.07928,99.550865,99.21077158783977,99.32634411289062,99.22652560612968,99.84608710173069,0.99004855121089,0.011625358416313002,0.00812181920087549,-1.6662903
D2,D4,harmonised,full,not_exposed,2747,92.3553,91.372406,93.33819,91.74578429505023,92.53994058465763,89.58890155951222,97.72170066546275,0.8663257552848563,0.13108800249122235,0.025164165918203057,5.3047028
D2,D4,harmonised,full,clean,2182,91.10907,89.96333,92.254814,81.79790475680281,91.67807054443455,76.3876107278256,94.22831241098233,0.7742484958183697,0.15105286467170242,0.029727708230752922,6.550934
D4,D2,published,test,ALL,642,63.551403,59.657322,66.978195,66.6898002741321,64.53521354752955,63.68502739557989,93.51537836090331,0.5281028054116709,0.5242808638192915,0.16115864972087823,33.1086
D4,D2,published,test,exposed,504,55.95238,51.587303,60.317463,66.79164974359483,65.95934318350892,52.00988080673081,92.28263323044239,0.4457917261055635,0.6306275638910732,0.20640460644212977,40.707623
D4,D2,published,test,not_exposed,138,91.30435,86.23188,95.652176,64.79166666666667,89.27471940192653,70.78325362168157,97.11186276550596,0.711347394108419,0.13588422007887135,0.052225691684778204,5.355652
D4,D2,published,test,clean,109,98.16514,95.41284,100.0,50.0,97.56209094286777,55.24402907580478,,0.494199535962877,0.04534847755660216,0.03425036439108196,-1.5051346
D4,D2,training,test,ALL,642,98.44237,97.35203,99.22118,97.9917711598746,98.43045834254453,98.27132613149563,99.95829245602823,0.9790163162849075,0.024892904218817905,0.012691624764341429,-1.7823639
D4,D2,training,test,exposed,504,100.0,100.0,100.0,100.0,100.0,100.0,100.0,1.0,0.0005890148198097371,0.011054808421740456,-3.3399963
D4,D2,training,test,not_exposed,138,92.753624,88.4058,97.10145,94.83180428134557,93.37195714913106,87.54193722943722,99.10569105691057,0.8191823899371069,0.11365493506736947,0.025005142973816875,3.9063797
D4,D2,training,test,clean,109,91.74312,86.23853,96.33028,80.81761006289308,94.22044046976589,51.07376283846872,,0.3358158429248477,0.13076175757050712,0.03030338227202037,4.9168854
D4,D2,training,full,ALL,6000,97.91667,97.549995,98.28333,97.54122765442467,97.90842891433262,97.7668391357437,99.95152603175151,0.97199604360104,0.03127675986685522,0.010667162160078687,-1.2566681
D4,D2,training,full,exposed,4439,99.504395,99.30108,99.70714,98.6579202496661,99.50417957357534,98.81389008618903,99.98385207420996,0.9926452170112099,0.008359178793627095,0.009037344043226371,-2.8443909
D4,D2,training,full,not_exposed,1561,93.401665,92.184494,94.618835,96.02240666880026,93.90764080842375,90.98498635019581,99.742233759286,0.8642097404341356,0.09644725466766217,0.017956308280711448,3.258339
D4,D2,training,full,clean,1171,91.887276,90.35013,93.42442,92.91652122199382,93.96590916741876,69.14933637460537,,0.480367519291493,0.1166767157603453,0.023050771550578397,4.772728
D4,D2,harmonised,test,ALL,642,98.44237,97.50779,99.376945,97.9917711598746,98.43045834254453,98.27132613149563,99.95829245602823,0.9790163162849075,0.024892904218817905,0.012691624764341429,-1.7823639
D4,D2,harmonised,test,exposed,504,100.0,100.0,100.0,100.0,100.0,100.0,100.0,1.0,0.0005890148198097371,0.011054808421740456,-3.3399963
D4,D2,harmonised,test,not_exposed,138,92.753624,88.4058,96.376816,94.83180428134557,93.37195714913106,87.54193722943722,99.10569105691057,0.8191823899371069,0.11365493506736947,0.025005142973816875,3.9063797
D4,D2,harmonised,test,clean,109,91.74312,86.23853,96.33028,80.81761006289308,94.22044046976589,51.07376283846872,,0.3358158429248477,0.13076175757050712,0.03030338227202037,4.9168854
D4,D2,harmonised,full,ALL,6000,97.91667,97.549995,98.28333,97.54122765442467,97.90842891433262,97.7668391357437,99.95152603175151,0.97199604360104,0.03127675986685522,0.010667162160078687,-1.2566681
D4,D2,harmonised,full,exposed,4439,99.504395,99.30164,99.70714,98.6579202496661,99.50417957357534,98.81389008618903,99.98385207420996,0.9926452170112099,0.008359178793627095,0.009037344043226371,-2.8443909
D4,D2,harmonised,full,not_exposed,1561,93.401665,92.12043,94.6829,96.02240666880026,93.90764080842375,90.98498635019581,99.742233759286,0.8642097404341356,0.09644725466766217,0.017956308280711448,3.258339
D4,D2,harmonised,full,clean,1171,91.887276,90.26473,93.42442,92.91652122199382,93.96590916741876,69.14933637460537,,0.480367519291493,0.1166767157603453,0.023050771550578397,4.772728
D2,D3,published,test,ALL,299,27.42475,22.408026,32.441475,32.53968253968254,12.156617043619452,14.42392260334213,57.69658737712042,-0.009553595045823204,1.4250473110402164,0.7146467598385635,70.23525
D2,D3,published,test,exposed,165,38.787876,31.515152,46.060608,32.323232323232325,22.45614035087719,18.71345029239766,59.90920642080374,-0.022079116835326484,1.2039932162971612,0.604548861763694,58.872128
D2,D3,published,test,not_exposed,134,13.432837,7.4626865,19.402985,33.33333333333333,3.202530394385687,7.9470198675496695,56.002828066140665,0.00038585209003216825,1.6972407859103962,0.8502151085369622,84.227165
D2,D3,published,test,clean,115,3.4782608,0.8695652,7.826087,33.33333333333333,0.23581429624170966,2.2598870056497176,44.57568428156664,-0.0003918495297807745,1.8907994008687117,0.9472426227901294,94.18174
D2,D3,training,test,ALL,299,28.093645,23.076923,33.444817,33.33333333333333,12.3877491902141,14.698162729658792,56.8893022904666,-0.00012446131586729692,1.4215799665158337,0.711760850056358,69.56636
D2,D3,training,test,exposed,165,40.0,32.727272,47.878788,33.33333333333333,22.857142857142858,19.047619047619047,54.808274193360816,0.0,1.188069100993524,0.5947144107385115,57.660004
D2,D3,training,test,not_exposed,134,13.432837,7.4626865,19.402985,33.33333333333333,3.2238805970149254,8.0,58.961535240506414,0.0007714065312419693,1.7091120024201703,0.8558853486580635,84.227165
D2,D3,training,test,clean,115,3.4782608,0.8695652,6.9565215,33.33333333333333,0.23782980304719437,2.2792022792022792,45.00925517851156,-0.0007840062720501084,1.9045305104693333,0.9538158862487128,94.18174
D2,D3,training,full,ALL,3064,23.009138,21.409922,24.575718,33.120973684836095,8.843567280115726,12.616045709529725,53.895285320967204,-0.002540758521416775,1.5179956878168008,0.7599003142713723,74.65086
D2,D3,training,full,exposed,1754,34.32155,32.15507,36.602055,33.1467231603797,17.78399210939567,17.22370979390034,54.48864036862812,-0.0031286209741716586,1.2951983902505804,0.6474311528143345,63.338455
D2,D3,training,full,not_exposed,1310,7.8625956,6.4122143,9.389314,33.07008853748045,1.427116890956124,4.93283359975538,54.94665310728075,-0.0012582455611542809,1.8163059625734048,0.9104888412106128,89.79741
D2,D3,training,full,clean,1167,3.6846616,2.6563838,4.7986293,32.60485034678583,0.5878918384705859,2.4096320249547354,54.06796984690767,-0.0016769605776809637,1.8977607503775102,0.9514308260512742,93.97534
D2,D3,harmonised,test,ALL,299,99.66555,98.99666,100.0,99.60317460317461,99.66549526648195,99.61207528445934,99.98708010335916,0.9948860915372512,0.006522269382038409,0.004590298220465364,-2.0055466
D2,D3,harmonised,test,exposed,165,99.393936,98.18182,100.0,99.4949494949495,99.3936067757352,99.52768215004407,100.0,0.9900326205146792,0.011649210281535198,0.0013467611688555703,-1.7339325
D2,D3,harmonised,test,not_exposed,134,100.0,100.0,100.0,100.0,100.0,100.0,100.0,1.0,0.00020924514012072488,0.008584349013086575,-2.3399963
D2,D3,harmonised,test,clean,115,100.0,100.0,100.0,100.0,100.0,100.0,100.0,1.0,0.00014464910695181484,0.008208215236663818,-2.3399963
D2,D3,harmonised,full,ALL,3064,98.75979,98.33551,99.151436,98.87467875320586,98.76125403646093,98.66489043063355,99.95240945219062,0.9806072654798599,0.022265583760188182,0.005666808499991101,-1.0997849
D2,D3,harmonised,full,exposed,1754,99.0878,98.6317,99.486885,98.85261735722644,99.08715288667399,99.0600835412024,99.97599457838187,0.9857451467517434,0.01678984478878388,0.005091189590528003,-1.4277954
D2,D3,harmonised,full,not_exposed,1310,98.32061,97.63359,99.00764,98.71087933107783,98.35468378342645,96.39204698497593,99.9298774352497,0.9518461214573817,0.029597222047091337,0.01014923739979285,-0.6606064
D2,D3,harmonised,full,clean,1167,98.200516,97.429306,98.88603,97.79360424521715,98.28023278448045,93.16653185961711,99.87951996978154,0.9237375953396753,0.0312358776153837,0.011156696178204192,-0.5405121
D4,D3,published,test,ALL,299,31.772575,26.421404,36.7893,35.861568440308595,22.773259659828067,23.889024271279695,56.22633391931588,0.0360783198217417,1.112663543524209,0.5036452933896745,64.88743
D4,D3,published,test,exposed,181,38.121548,30.939228,45.303867,35.491771909682356,27.890625201330327,26.876047335233654,56.17205012966885,0.02828108522672801,1.0352430984960312,0.4773223862792906,58.538456
D4,D3,published,test,not_exposed,118,22.0339,15.254237,29.661018,36.74242424242424,17.675544794188863,15.584415584415584,56.93501363711032,0.026978578470915227,1.231418632931838,0.5643120741440077,74.62611
D4,D3,published,test,clean,99,12.121212,6.060606,19.19192,36.434108527131784,14.993698068801558,8.610289769367236,58.572098602698354,0.0033557046979862948,1.3672082227097397,0.6421565563991816,84.53879
D4,D3,training,test,ALL,299,30.769232,25.41806,36.120403,35.66571224051538,17.812159103666414,19.538649478312863,63.59995059533623,0.032317073170731736,1.1617714459036834,0.5625265533708808,65.89077
D4,D3,training,test,exposed,181,38.121548,30.939228,45.303867,34.22222222222222,22.39834356645722,19.962894248608535,61.534886981511924,0.018114889082630925,1.1029935336618975,0.5347280955117052,58.538456
D4,D3,training,test,not_exposed,118,19.491526,12.711864,27.118645,35.6060606060606,13.439019112874142,13.321985815602835,63.826627814688386,0.025895029544664494,1.2519307858677788,0.6051665357613968,77.16848
D4,D3,training,test,clean,99,10.10101,4.040404,16.161615,35.65891472868217,11.678259925104244,7.215209599501325,61.75788280303445,0.009220735409873004,1.389433259140568,0.6732763536650725,86.55899
D4,D3,training,full,ALL,3064,25.783289,24.184074,27.382507,34.98388813612148,15.834043458811095,18.87075704532335,58.85083051357053,0.017285253078592744,1.2125282344362223,0.5761679415992284,70.87672
D4,D3,training,full,exposed,1873,33.849438,31.820606,35.87827,34.82986997965319,21.980739195456795,22.328932427503307,60.12732175844615,0.019800010475078622,1.0866357132393683,0.5087285208880297,62.810566
D4,D3,training,full,not_exposed,1191,13.098237,11.335012,15.029387,35.03782348071438,9.810249988194322,10.75567437008413,57.7790553867128,0.006009013520280493,1.4105103437575552,0.6822250660080353,83.56177
D4,D3,training,full,clean,1043,10.258868,8.533077,12.176414,35.77623139651341,9.26627715076381,8.614128447077755,57.77061598135641,0.00663230107675683,1.4453726598460894,0.6997329033804078,86.40114
D4,D3,harmonised,test,ALL,299,98.99666,97.65886,100.0,98.94388201474817,98.99674837275688,98.89491346391908,99.80263380764868,0.9846685012049841,0.015172994721831852,0.0027275787149384973,-2.3366547
D4,D3,harmonised,test,exposed,181,98.342545,96.13259,100.0,98.15027426967725,98.33999237168763,98.37662337662337,99.73507503857739,0.9742434304145716,0.024486365389532288,0.00734541593994221,-1.6825409
D4,D3,harmonised,test,not_exposed,118,100.0,100.0,100.0,100.0,100.0,100.0,100.0,1.0,0.0008872312400201592,0.00950800816891557,-3.3399963
D4,D3,harmonised,test,clean,99,100.0,100.0,100.0,100.0,100.0,100.0,100.0,1.0,0.00103540611409784,0.009855630421879317,-3.3399963
D4,D3,harmonised,full,ALL,3064,99.249344,98.92297,99.54308,99.33137085548715,99.2505231134699,99.17192380464358,99.90768472905104,0.9882529202674798,0.010990382081258557,0.006511871306609896,-2.5893402
D4,D3,harmonised,full,exposed,1873,99.41271,99.09236,99.73305,99.3263196751569,99.41237182273528,99.39367414370895,99.87223328995634,0.9910493422224462,0.009185382859962673,0.004762854190415049,-2.7527084
D4,D3,harmonised,full,not_exposed,1191,98.99245,98.32074,99.49622,99.39781483305164,99.00896779010054,97.99265173069585,99.98834546207365,0.9735093445731412,0.013828974475454352,0.011090540915952837,-2.3324432
D4,D3,harmonised,full,clean,1043,99.04123,98.37009,99.61649,99.62207105064248,99.06377475747388,97.36993147893061,99.99097207847038,0.9657115430134392,0.012867271904279148,0.012598975792827247,-2.3812256
D3,D2,published,test,ALL,526,73.00381,69.38688,76.80608,73.36033692803761,70.46858591345284,70.73015873015872,92.24839673170739,0.5957700134216565,0.39283896891969966,0.105399608952011,22.316193
D3,D2,published,test,exposed,133,71.42857,63.909775,78.94737,76.49222362337116,72.67278988145682,68.06990840876925,93.51845468380762,0.577601337233598,0.3965274710495379,0.13712116470910554,23.891426
D3,D2,published,test,not_exposed,393,73.536896,68.70229,77.862595,72.59876169324988,70.21811557832727,70.20484756721252,92.15223021598685,0.5921772101376972,0.3915906972065483,0.10921405138253559,21.783104
D3,D2,published,test,clean,375,75.2,70.666664,79.46667,72.94393857334568,72.16369696549204,71.2834615872377,92.5800735864491,0.6131190095846646,0.3585980058307591,0.09225467332204183,20.120003
D3,D2,training,test,ALL,526,80.79848,77.37167,84.220535,80.98014967869422,80.49699533762492,80.57514754452197,93.98173766429375,0.712295903170778,0.2742335158560434,0.05025112736587742,14.5215225
D3,D2,training,test,exposed,133,84.9624,78.19549,90.97744,84.38629676334594,84.9502947713321,82.27586645718004,95.25043826662215,0.7586206896551724,0.22881488149351945,0.051991841622761326,10.357597
D3,D2,training,test,not_exposed,393,79.38931,75.57252,83.460556,79.70070174794584,79.10718858225744,79.04571413001081,93.49700936539995,0.6886626371691802,0.28960419873191023,0.06894595280251734,15.930687
D3,D2,training,test,clean,375,80.26666,76.0,84.53333,80.24376079959946,80.09499592864016,79.6977940632171,94.13413911457307,0.7008795757340577,0.2739199124153198,0.06341571648915609,15.053337
D3,D2,training,full,ALL,4793,80.721886,79.615585,81.765594,80.45024547185636,80.42658492179163,80.16269123618079,93.93818127509009,0.7095329079974909,0.26981702015543124,0.02712143893881579,14.598114
D3,D2,training,full,exposed,1568,86.60714,85.01276,88.32909,85.37488171994167,86.62529077211379,84.10832217089018,96.4920536896528,0.7809394430081975,0.19582531328742284,0.032748925917762885,8.71286
D3,D2,training,full,not_exposed,3225,77.860466,76.4031,79.28682,77.68651937186858,77.37051070635663,77.27429266130059,92.33698124125786,0.6665954291582072,0.3057919027504815,0.03999739201493966,17.459534
D3,D2,training,full,clean,3056,77.9123,76.43979,79.450264,77.6590053693557,77.40701566429307,77.22568696643553,92.39367903634816,0.6664721033373808,0.3043399910707614,0.03967460494546991,17.4077
D3,D2,harmonised,test,ALL,526,99.23955,98.47909,99.80988,99.23769697365698,99.23949949896826,99.24315817290524,99.94176343679784,0.9885905166804043,0.019113720164446034,0.014534925439965169,-3.919548
D3,D2,harmonised,test,exposed,133,100.0,100.0,100.0,100.0,100.0,100.0,100.0,1.0,0.000433314454214178,0.011331324290512198,-4.6800003
D3,D2,harmonised,test,not_exposed,393,98.98219,97.96438,99.745544,98.8690050107373,98.98147458392494,98.95694099419131,99.90675698864564,0.9845567431625275,0.025435587745771315,0.01561905470209871,-3.6621933
D3,D2,harmonised,test,clean,375,98.933334,97.86667,99.73334,98.78697653902351,98.9325270117723,98.88188887604483,99.89866660232136,0.9837461803523828,0.025904633440471364,0.014543690999348992,-3.6133347
D3,D2,harmonised,full,ALL,4793,97.66326,97.22512,98.080536,97.7046401347883,97.6594550985733,97.60725782332501,99.77171976047174,0.9648289096697305,0.03582826844072985,0.012733625030059974,-2.3432617
D3,D2,harmonised,full,exposed,1568,99.17091,98.72449,99.55357,99.04197994639357,99.1719141071893,98.9766796211915,99.91147679585411,0.9863465683562431,0.012033101073896393,0.009854416229895163,-3.850914
D3,D2,harmonised,full,not_exposed,3225,96.93023,96.31008,97.550385,96.7971565236918,96.91170173663126,96.90270618752251,99.67092429623966,0.9537724450326102,0.047397515706216635,0.015440160378005177,-1.6102295
D3,D2,harmonised,full,clean,3056,97.0877,96.46597,97.6767,96.90100945449117,97.06635091396893,97.04668147913105,99.7273179930034,0.9560075968997765,0.044358035874881366,0.015608909008390607,-1.7677002
D3,D4,published,test,ALL,439,69.24829,65.14806,73.348526,68.31075781092535,65.20058018017735,65.06642305203457,91.87086285669372,0.5315241964807993,0.43660801158090573,0.14117180438954088,26.071709
D3,D4,published,test,exposed,134,70.89552,63.41418,78.35821,72.14303575893975,69.0408345153961,66.49845808802915,94.6819564691813,0.5588756647252469,0.378936361246626,0.10474889425199424,24.424477
D3,D4,published,test,not_exposed,305,68.52459,63.278687,73.77049,66.93575430417536,63.49510634508596,63.827116381320515,90.60490841526693,0.49823491106008155,0.46194572025235975,0.16373269948803013,26.79541
D3,D4,published,test,clean,282,70.567375,65.24823,75.88652,66.76522362415541,65.9061735125184,64.76411849378248,90.46047741909598,0.5184446044645612,0.43155301423913545,0.14400484027169272,24.752625
D3,D4,training,test,ALL,439,79.27107,75.398636,82.91572,79.252793215404,78.91581799437792,78.92680189428157,93.23245333868478,0.6882540227552948,0.29018923405099456,0.03924135996160313,16.048927
D3,D4,training,test,exposed,134,87.31343,81.343285,92.537315,86.51257641996706,87.28042142230026,86.58661257606491,97.71806246791371,0.8002280101727616,0.17398430925282818,0.09895428058816427,8.006569
D3,D4,training,test,not_exposed,305,75.7377,70.81967,80.327866,76.19596777491515,75.19530123228179,75.14847627250728,91.0693921188846,0.6281590826715873,0.3412432010115004,0.05308470384019319,19.582298
D3,D4,training,test,clean,282,76.59575,71.6312,81.21455,76.06418675577198,76.00622521333403,75.44995161810559,91.21766563944735,0.6361005748250108,0.32945895275468357,0.06397470356302057,18.72425
D3,D4,training,full,ALL,5400,80.12963,79.01806,81.22222,80.12962962962963,79.84355071495293,79.84355071495294,93.68095679012347,0.7019444444444445,0.2798435827851181,0.026288352404479652,15.190369
D3,D4,training,full,exposed,1722,86.00465,84.37863,87.57259,85.11880283644989,85.91591190098555,84.9745178987371,96.25946813792336,0.7813825197465947,0.204949025481401,0.037281916601178834,9.315353
D3,D4,training,full,not_exposed,3678,77.37901,76.07395,78.73844,77.69375508355837,76.99116501664795,76.97532302651207,92.21691973515611,0.6588636972463473,0.3149084081459122,0.041931998460690845,17.940987
D3,D4,training,full,clean,3496,77.43135,75.97254,78.77575,77.71342921047383,77.04762646334295,76.93072629304781,92.27965186794677,0.6587453838017061,0.313710707696835,0.04020434895048697,17.888649
D3,D4,harmonised,test,ALL,439,95.89977,94.07745,97.72209,95.77041136620105,95.90913040069809,95.93145781660995,99.21432329705198,0.9382757516344975,0.05565685489147876,0.01987396842526408,-0.57977295
D3,D4,harmonised,test,exposed,134,97.76119,94.776115,100.0,98.14953738434609,97.76815112907357,97.73915487379958,98.40962224683155,0.9649642670385219,0.04212883029751065,0.013906351665952338,-2.4411926
D3,D4,harmonised,test,not_exposed,305,95.08197,92.459015,97.37705,94.49869818290871,95.09054136103316,95.08091424758092,99.77144427520751,0.9239350912778904,0.06160031487702541,0.03069682297159413,0.23802948
D3,D4,harmonised,test,clean,282,95.03546,92.19858,97.51773,94.28764928480325,95.03526669986397,94.99830747309672,99.77574967838136,0.922408710349436,0.06064903609200414,0.03412748926074792,0.28453827
D3,D4,harmonised,full,ALL,5400,96.5,96.0,96.96343,96.5,96.49674415974495,96.49674415974495,99.52713991769548,0.9475,0.053671659903715974,0.010374650508165372,-1.1800003
D3,D4,harmonised,full,exposed,1722,98.78049,98.25784,99.24652,98.8110217780806,98.78284186706453,98.75231391400688,99.8020466215138,0.9809776605078936,0.01799645983640758,0.01031152023117165,-3.4604874
D3,D4,harmonised,full,not_exposed,3678,95.4323,94.75259,96.11202,95.42669294375436,95.41814812314804,95.46448523882945,99.33922936094152,0.930845209548067,0.07037440447030244,0.013491484386691495,-0.11229706
D3,D4,harmonised,full,clean,3496,95.53776,94.822655,96.22425,95.51576080555002,95.52127081450334,95.55399982474921,99.42666447912453,0.9322106876157372,0.06814126565210313,0.013389812991261765,-0.21775818
