dataset,setting,T,acc,ece,nll,brier,cal_nll
D1,uncalibrated (T=1),1.0,0.9294,0.0503,0.2424,0.1175,0.2946
D1,stored T*,0.8752,0.9294,0.0288,0.2299,0.1152,0.2893
D1,converged T,0.8752,0.9294,0.0288,0.2299,0.1152,0.2893
D2,uncalibrated (T=1),1.0,0.9766,0.0456,0.1242,0.0441,0.1257
D2,stored T*,0.7446,0.9766,0.0129,0.1047,0.0437,0.1064
D2,converged T,0.7446,0.9766,0.0129,0.1047,0.0437,0.1064
D3,uncalibrated (T=1),1.0,0.9532,0.0383,0.1599,0.072,0.1427
D3,stored T*,0.7351,0.9532,0.018,0.148,0.0721,0.1256
D3,converged T,0.7351,0.9532,0.018,0.148,0.0721,0.1256
D4,uncalibrated (T=1),1.0,0.9666,0.0415,0.159,0.0624,0.1355
D4,stored T*,0.7368,0.9666,0.018,0.1498,0.062,0.1155
D4,converged T,0.7368,0.9666,0.018,0.1498,0.062,0.1155
