dataset,split,T,n,nll,ece
D1,cal,0.5,248,0.3704790472984314,0.06898053423050915
D1,cal,0.51,248,0.36509907245635986,0.0681117225077845
D1,cal,0.52,248,0.35999223589897156,0.06722221523523335
D1,cal,0.53,248,0.35514506697654724,0.06631120582742075
D1,cal,0.54,248,0.3505449593067169,0.06718989894274743
D1,cal,0.55,248,0.3461805284023285,0.06636971643855495
D1,cal,0.56,248,0.3420408070087433,0.06699360089917333
D1,cal,0.57,248,0.338115930557251,0.06611656637922406
D1,cal,0.58,248,0.3343966603279114,0.06521551815732836
D1,cal,0.59,248,0.3308742344379425,0.06429018945463247
D1,cal,0.6,248,0.32754069566726685,0.059300715404172095
D1,cal,0.61,248,0.32438844442367554,0.058203697204589816
D1,cal,0.62,248,0.32141050696372986,0.05708178204874834
D1,cal,0.63,248,0.3186001181602478,0.05732198828651058
D1,cal,0.64,248,0.3159511983394623,0.05631871497438799
D1,cal,0.65,248,0.31345778703689575,0.05266853734370204
D1,cal,0.66,248,0.31111443042755127,0.05019125558676261
D1,cal,0.67,248,0.30891600251197815,0.05090010694919093
D1,cal,0.68,248,0.3068574070930481,0.04905397517065847
D1,cal,0.69,248,0.30493414402008057,0.05058154896382362
D1,cal,0.7,248,0.30314168334007263,0.05477377267614483
D1,cal,0.71,248,0.3014759421348572,0.05392934526166604
D1,cal,0.72,248,0.2999328374862671,0.05001263224309493
D1,cal,0.73,248,0.2985086441040039,0.051943803506512815
D1,cal,0.74,248,0.2971997857093811,0.04686564519520727
D1,cal,0.75,248,0.2960026264190674,0.04764035151850793
D1,cal,0.76,248,0.29491397738456726,0.0473052145492646
D1,cal,0.77,248,0.29393067955970764,0.03469050675630566
D1,cal,0.78,248,0.293049693107605,0.0376152547617112
D1,cal,0.79,248,0.29226797819137573,0.03536906886485314
D1,cal,0.8,248,0.29158297181129456,0.05144411974376249
D1,cal,0.81,248,0.29099172353744507,0.04671711042042703
D1,cal,0.82,248,0.2904917895793915,0.04772891849279405
D1,cal,0.83,248,0.29008060693740845,0.04920273826968282
D1,cal,0.84,248,0.289755642414093,0.04952429931971331
D1,cal,0.85,248,0.2895147204399109,0.05068770099070763
D1,cal,0.86,248,0.2893555462360382,0.05210516265323084
D1,cal,0.87,248,0.2892758250236511,0.054555340640006514
D1,cal,0.88,248,0.2892735004425049,0.05467569131043653
D1,cal,0.89,248,0.28934648633003235,0.05560392069239767
D1,cal,0.9,248,0.28949281573295593,0.06205957022405441
D1,cal,0.91,248,0.2897104322910309,0.05770035496642513
D1,cal,0.92,248,0.28999754786491394,0.05522530598025168
D1,cal,0.93,248,0.2903522551059723,0.04828272495538957
D1,cal,0.94,248,0.29077282547950745,0.059655790848116716
D1,cal,0.95,248,0.29125750064849854,0.05975020220202784
D1,cal,0.96,248,0.2918044626712799,0.060436142788779346
D1,cal,0.97,248,0.2924121022224426,0.05846904722913618
D1,cal,0.98,248,0.2930789291858673,0.06018077798428073
D1,cal,0.99,248,0.2938031256198883,0.06480974872266093
D1,cal,1.0,248,0.29458338022232056,0.06293745747497004
D1,cal,1.01,248,0.29541805386543274,0.06862596999252996
D1,cal,1.02,248,0.29630565643310547,0.07114447292781645
D1,cal,1.03,248,0.2972448468208313,0.06888077456143595
D1,cal,1.04,248,0.29823413491249084,0.06550762658157655
D1,cal,1.05,248,0.29927217960357666,0.06388018616745549
D1,cal,1.06,248,0.3003576099872589,0.0663909082931857
D1,cal,1.07,248,0.3014891445636749,0.06460244112437771
D1,cal,1.08,248,0.3026655316352844,0.06769399465091767
D1,cal,1.09,248,0.30388543009757996,0.06882316955635626
D1,cal,1.1,248,0.30514758825302124,0.06748310596712173
D1,cal,1.11,248,0.30645090341567993,0.06121859867726605
D1,cal,1.12,248,0.30779412388801575,0.06535409703370063
D1,cal,1.13,248,0.30917617678642273,0.06414052231177206
D1,cal,1.14,248,0.3105957806110382,0.07373515768877922
D1,cal,1.15,248,0.3120519816875458,0.07420695585108572
D1,cal,1.16,248,0.3135435879230499,0.07663731240937786
D1,cal,1.17,248,0.31506961584091187,0.07962303993202025
D1,cal,1.18,248,0.316629022359848,0.08390643928320178
D1,cal,1.19,248,0.31822076439857483,0.08887215859947667
D1,cal,1.2,248,0.3198438882827759,0.09236878012457202
D1,cal,1.21,248,0.3214972913265228,0.08333673688673203
D1,cal,1.22,248,0.3231801688671112,0.08633575936959635
D1,cal,1.23,248,0.3248915374279022,0.09410148065897728
D1,cal,1.24,248,0.32663053274154663,0.0959492139518261
D1,cal,1.25,248,0.328396201133728,0.09295874509599901
D1,cal,1.26,248,0.3301876485347748,0.08941068392126791
D1,cal,1.27,248,0.33200404047966003,0.09287227642151619
D1,cal,1.28,248,0.3338446319103241,0.10169724987879877
D1,cal,1.29,248,0.33570852875709534,0.10141308569619734
D1,cal,1.3,248,0.3375948965549469,0.10207254703967802
D1,cal,1.31,248,0.3395029902458191,0.10397367419735078
D1,cal,1.32,248,0.3414320647716522,0.09173560370841335
D1,cal,1.33,248,0.3433813750743866,0.09375915976782
D1,cal,1.34,248,0.34535011649131775,0.09335907716904916
D1,cal,1.35,248,0.34733763337135315,0.09559323891035972
D1,cal,1.36,248,0.3493432402610779,0.09782711476568252
D1,cal,1.37,248,0.351366251707077,0.10350060282695678
D1,cal,1.38,248,0.3534059226512909,0.10249747227757208
D1,cal,1.39,248,0.35546162724494934,0.1090285287749383
D1,cal,1.4,248,0.357532799243927,0.11288544932200062
D1,cal,1.41,248,0.35961878299713135,0.11565893107364254
D1,cal,1.42,248,0.36171895265579224,0.11414067531304975
D1,cal,1.43,248,0.36383265256881714,0.10815926472986899
D1,cal,1.44,248,0.36595940589904785,0.11028154110235551
D1,cal,1.45,248,0.36809858679771423,0.11670566109880322
D1,cal,1.46,248,0.3702496588230133,0.118831186284942
D1,cal,1.47,248,0.3724120259284973,0.12957313969250647
D1,cal,1.48,248,0.3745853006839752,0.12795902668468415
D1,cal,1.49,248,0.3767687976360321,0.13010566741708784
D1,cal,1.5,248,0.37896212935447693,0.13224833494713228
D1,cal,1.51,248,0.3811646103858948,0.13438682762845872
D1,cal,1.52,248,0.3833760619163513,0.1316959650045441
D1,cal,1.53,248,0.38559576869010925,0.13390797112257252
D1,cal,1.54,248,0.3878234028816223,0.13597620927518414
D1,cal,1.55,248,0.3900585174560547,0.13803968085877358
D1,cal,1.56,248,0.3923006057739258,0.13936412166203221
D1,cal,1.57,248,0.39454931020736694,0.14127298997294518
D1,cal,1.58,248,0.39680415391921997,0.14317815113932858
D1,cal,1.59,248,0.3990647494792938,0.14507938969519832
D1,cal,1.6,248,0.4013306498527527,0.14307016614944704
D1,cal,1.61,248,0.40360167622566223,0.14860412394327502
D1,cal,1.62,248,0.4058772027492523,0.1549571759758457
D1,cal,1.63,248,0.40815699100494385,0.15700796679142984
D1,cal,1.64,248,0.41044071316719055,0.15529836017277932
D1,cal,1.65,248,0.412727952003479,0.16056968031391017
D1,cal,1.66,248,0.41501834988594055,0.16689089012722816
D1,cal,1.67,248,0.4173116981983185,0.168903544425003
D1,cal,1.68,248,0.419607549905777,0.17521493341172892
D1,cal,1.69,248,0.4219057559967041,0.1772218541272225
D1,cal,1.7,248,0.4242057800292969,0.17922128376460844
D1,cal,1.71,248,0.42650750279426575,0.18121306622220623
D1,cal,1.72,248,0.42881056666374207,0.18319717109684022
D1,cal,1.73,248,0.43111473321914673,0.17397432377742184
D1,cal,1.74,248,0.43341967463493347,0.1760408022711354
D1,cal,1.75,248,0.43572524189949036,0.17494334496798053
D1,cal,1.76,248,0.43803101778030396,0.17970979057492747
D1,cal,1.77,248,0.4403369128704071,0.18160068928714723
D1,cal,1.78,248,0.442642480134964,0.18348387220213488
D1,cal,1.79,248,0.44494763016700745,0.1853590501892951
D1,cal,1.8,248,0.44725221395492554,0.18512343290832733
D1,cal,1.81,248,0.44955578446388245,0.18713110877621555
D1,cal,1.82,248,0.4518583416938782,0.1891290925202831
D1,cal,1.83,248,0.45415952801704407,0.19111752125524709
D1,cal,1.84,248,0.4564591646194458,0.19309618624468003
D1,cal,1.85,248,0.4587571322917938,0.19506515802875643
D1,cal,1.86,248,0.4610530734062195,0.1970242801452837
D1,cal,1.87,248,0.46334704756736755,0.1989736309455287
D1,cal,1.88,248,0.465638667345047,0.20091312318559618
D1,cal,1.89,248,0.4679277837276459,0.20284275506292618
D1,cal,1.9,248,0.47021427750587463,0.20476248956495713
D1,cal,1.91,248,0.47249794006347656,0.2066722197398063
D1,cal,1.92,248,0.47477877140045166,0.2085720639555685
D1,cal,1.93,248,0.4770563542842865,0.21046203951681813
D1,cal,1.94,248,0.47933077812194824,0.2123419518672651
D1,cal,1.95,248,0.48160162568092346,0.21421187046554782
D1,cal,1.96,248,0.4838690161705017,0.21607179675371416
D1,cal,1.97,248,0.4861327111721039,0.21792176630227794
D1,cal,1.98,248,0.48839256167411804,0.21976168742102964
D1,cal,1.99,248,0.49064838886260986,0.2215915822213696
D1,cal,2.0,248,0.49290022253990173,0.22911483494024124
D1,test,0.5,340,0.26098018884658813,0.05508066731340745
D1,test,0.51,340,0.2579883635044098,0.0563110013218487
D1,test,0.52,340,0.25517505407333374,0.05673578030922829
D1,test,0.53,340,0.25253188610076904,0.05635874499292937
D1,test,0.54,340,0.2500511407852173,0.05712239409194276
D1,test,0.55,340,0.24772551655769348,0.05658659549320445
D1,test,0.56,340,0.24554851651191711,0.05602765924790323
D1,test,0.57,340,0.24351386725902557,0.055445019813144904
D1,test,0.58,340,0.2416158765554428,0.05326919590725618
D1,test,0.59,340,0.23984920978546143,0.04878458345637601
D1,test,0.6,340,0.23820890486240387,0.04617340792627894
D1,test,0.61,340,0.23669029772281647,0.04991348543587853
D1,test,0.62,340,0.23528900742530823,0.04928213340394641
D1,test,0.63,340,0.2340010702610016,0.051356612058246806
D1,test,0.64,340,0.2328225076198578,0.04917081734713384
D1,test,0.65,340,0.23174983263015747,0.045939289471682354
D1,test,0.66,340,0.23077961802482605,0.045367693199830875
D1,test,0.67,340,0.22990866005420685,0.04482143495012729
D1,test,0.68,340,0.2291339486837387,0.044939768489669324
D1,test,0.69,340,0.22845259308815002,0.043726438897497485
D1,test,0.7,340,0.22786185145378113,0.044291845840566335
D1,test,0.71,340,0.2273591011762619,0.046453847867601095
D1,test,0.72,340,0.22694194316864014,0.03961812748628508
D1,test,0.73,340,0.2266080528497696,0.03876980963875269
D1,test,0.74,340,0.22635503113269806,0.041302376722588297
D1,test,0.75,340,0.22618085145950317,0.038520186000010524
D1,test,0.76,340,0.2260833978652954,0.03356739081004083
D1,test,0.77,340,0.2260606586933136,0.03379299938678739
D1,test,0.78,340,0.22611075639724731,0.03389913834193172
D1,test,0.79,340,0.22623182833194733,0.033986456078641536
D1,test,0.8,340,0.22642211616039276,0.031678418376866545
D1,test,0.81,340,0.22667990624904633,0.030127103539074124
D1,test,0.82,340,0.22700348496437073,0.029396958123235107
D1,test,0.83,340,0.22739125788211823,0.030757844272781786
D1,test,0.84,340,0.22784170508384705,0.035258026771685665
D1,test,0.85,340,0.22835320234298706,0.03016589091104618
D1,test,0.86,340,0.22892440855503082,0.03257971169317469
D1,test,0.87,340,0.22955378890037537,0.02809375568347818
D1,test,0.88,340,0.23023998737335205,0.028971774700809905
D1,test,0.89,340,0.23098161816596985,0.02983458042144772
D1,test,0.9,340,0.23177732527256012,0.03149642567424213
D1,test,0.91,340,0.2326258420944214,0.043352362864157765
D1,test,0.92,340,0.23352588713169098,0.0441783955868553
D1,test,0.93,340,0.2344762533903122,0.0449682596851798
D1,test,0.94,340,0.23547562956809998,0.045352053466965137
D1,test,0.95,340,0.23652289807796478,0.04642762454117043
D1,test,0.96,340,0.23761682212352753,0.04411708379493038
D1,test,0.97,340,0.23875634372234344,0.044341161496499026
D1,test,0.98,340,0.23994030058383942,0.04312235905843624
D1,test,0.99,340,0.24116754531860352,0.045031171511201326
D1,test,1.0,340,0.24243709444999695,0.05030983160523811
D1,test,1.01,340,0.2437477856874466,0.048896160195855555
D1,test,1.02,340,0.24509859085083008,0.05838506169178908
D1,test,1.03,340,0.2464885264635086,0.060138275693444654
D1,test,1.04,340,0.2479165941476822,0.06032108068466187
D1,test,1.05,340,0.24938175082206726,0.058089020322350894
D1,test,1.06,340,0.2508831024169922,0.05881268671330283
D1,test,1.07,340,0.252419650554657,0.06083582525744158
D1,test,1.08,340,0.25399044156074524,0.06287112385034561
D1,test,1.09,340,0.2555945813655853,0.0613823874908335
D1,test,1.1,340,0.2572311460971832,0.06343410917941264
D1,test,1.11,340,0.2588992416858673,0.06549665060113458
D1,test,1.12,340,0.2605980336666107,0.06756952238433499
D1,test,1.13,340,0.2623266875743866,0.06965230492984546
D1,test,1.14,340,0.26408421993255615,0.07174443365896449
D1,test,1.15,340,0.26586994528770447,0.07384552832911997
D1,test,1.16,340,0.2676829695701599,0.07595504890469945
D1,test,1.17,340,0.2695225775241852,0.0780725758741884
D1,test,1.18,340,0.27138787508010864,0.08019766676075318
D1,test,1.19,340,0.273278146982193,0.0823298487593146
D1,test,1.2,340,0.27519258856773376,0.08446854817516664
D1,test,1.21,340,0.27713048458099365,0.08661350336144953
D1,test,1.22,340,0.2790911793708801,0.08876420373425767
D1,test,1.23,340,0.28107383847236633,0.0909202557276277
D1,test,1.24,340,0.28307774662971497,0.09308115296504077
D1,test,1.25,340,0.2851022779941559,0.09524650827926748
D1,test,1.26,340,0.28714674711227417,0.09741585877011805
D1,test,1.27,340,0.2892105281352997,0.0990589496843955
D1,test,1.28,340,0.29129284620285034,0.10124809014446595
D1,test,1.29,340,0.293393075466156,0.10369689149015092
D1,test,1.3,340,0.29551073908805847,0.10563385784626006
D1,test,1.31,340,0.2976450026035309,0.10782982926158345
D1,test,1.32,340,0.2997954487800598,0.11002738572218841
D1,test,1.33,340,0.30196139216423035,0.11222606660688625
D1,test,1.34,340,0.30414214730262756,0.11442549763356939
D1,test,1.35,340,0.30633729696273804,0.11662550664999903
D1,test,1.36,340,0.308546245098114,0.11882550348253809
D1,test,1.37,340,0.3107684552669525,0.12102532474433675
D1,test,1.38,340,0.313003271818161,0.12322461447295022
D1,test,1.39,340,0.3152502775192261,0.12542298541349522
D1,test,1.4,340,0.3175089359283447,0.12762022386578953
D1,test,1.41,340,0.3197787404060364,0.12981587981476503
D1,test,1.42,340,0.32205915451049805,0.1320098027586937
D1,test,1.43,340,0.32434970140457153,0.13420154461089304
D1,test,1.44,340,0.3266500234603882,0.13639098975588293
D1,test,1.45,340,0.32895949482917786,0.13857778792872147
D1,test,1.46,340,0.3312776982784271,0.14076155888683656
D1,test,1.47,340,0.3336043059825897,0.14294216738027685
D1,test,1.48,340,0.3359387218952179,0.14511937183492324
D1,test,1.49,340,0.33828049898147583,0.14729279402424308
D1,test,1.5,340,0.3406293988227844,0.1494622882674722
D1,test,1.51,340,0.3429848849773407,0.15162749816389645
D1,test,1.52,340,0.345346599817276,0.15378844492575705
D1,test,1.53,340,0.3477141857147217,0.1559446937897626
D1,test,1.54,340,0.35008713603019714,0.15809608417398788
D1,test,1.55,340,0.3524652123451233,0.16024235478218865
D1,test,1.56,340,0.3548479676246643,0.1623834275147494
D1,test,1.57,340,0.3572351336479187,0.1645190590444733
D1,test,1.58,340,0.35962626338005066,0.1666489443358253
D1,test,1.59,340,0.3620210886001587,0.16877304683713354
D1,test,1.6,340,0.36441925168037415,0.1708910872831064
D1,test,1.61,340,0.36682042479515076,0.17300297775689294
D1,test,1.62,340,0.36922428011894226,0.175108479051029
D1,test,1.63,340,0.3716304898262024,0.17720749728819904
D1,test,1.64,340,0.37403884530067444,0.17929980947690852
D1,test,1.65,340,0.37644895911216736,0.18138532656080583
D1,test,1.66,340,0.37886062264442444,0.1873839076827554
D1,test,1.67,340,0.3812735080718994,0.18945028071894365
D1,test,1.68,340,0.3836873173713684,0.19150944176842186
D1,test,1.69,340,0.3861019015312195,0.19356135471778754
D1,test,1.7,340,0.3885168135166168,0.1956057634423761
D1,test,1.71,340,0.39093202352523804,0.19764274577884114
D1,test,1.72,340,0.3933471143245697,0.19967196373378526
D1,test,1.73,340,0.3957618176937103,0.20169347997973947
D1,test,1.74,340,0.3981761634349823,0.20370709124733422
D1,test,1.75,340,0.40058961510658264,0.20571273039369026
D1,test,1.76,340,0.4030021131038666,0.20771038330653138
D1,test,1.77,340,0.4054134488105774,0.20969980420435178
D1,test,1.78,340,0.4078233540058136,0.21168107153738247
D1,test,1.79,340,0.41023164987564087,0.2136540949344635
D1,test,1.8,340,0.41263818740844727,0.21561863308443743
D1,test,1.81,340,0.4150426983833313,0.21757473112905723
D1,test,1.82,340,0.4174450635910034,0.2195223403327605
D1,test,1.83,340,0.4198450446128845,0.22146133999614154
D1,test,1.84,340,0.4222424328327179,0.2233917402870515
D1,test,1.85,340,0.42463716864585876,0.2253133373225436
D1,test,1.86,340,0.42702892422676086,0.2272263071116279
D1,test,1.87,340,0.4294177293777466,0.22913040343452903
D1,test,1.88,340,0.43180331587791443,0.23102562024312862
D1,test,1.89,340,0.43418553471565247,0.23291196446208387
D1,test,1.9,340,0.43656426668167114,0.23478945502463508
D1,test,1.91,340,0.43893930315971375,0.23665788147379369
D1,test,1.92,340,0.4413106143474579,0.23851734355968587
D1,test,1.93,340,0.44367796182632446,0.24036777782089572
D1,test,1.94,340,0.4460413455963135,0.242209136836669
D1,test,1.95,340,0.4484005272388458,0.24404148012399673
D1,test,1.96,340,0.4507552981376648,0.24586461239001328
D1,test,1.97,340,0.45310574769973755,0.24767874207566762
D1,test,1.98,340,0.45545169711112976,0.24948363312903574
D1,test,1.99,340,0.45779287815093994,0.2512793818817419
D1,test,2.0,340,0.46012941002845764,0.2530659983263296
D2,cal,0.5,444,0.12878252565860748,0.023251590696541057
D2,cal,0.51,444,0.12683993577957153,0.02309184085141433
D2,cal,0.52,444,0.12500378489494324,0.022913094710659353
D2,cal,0.53,444,0.12327016144990921,0.023025186077968534
D2,cal,0.54,444,0.12163564562797546,0.022825580325212605
D2,cal,0.55,444,0.12009702622890472,0.022908378560263835
D2,cal,0.56,444,0.11865146458148956,0.022679496724326335
D2,cal,0.57,444,0.11729638278484344,0.020313290862349783
D2,cal,0.58,444,0.11602938175201416,0.01943540868458448
D2,cal,0.59,444,0.11484827101230621,0.019087159016110883
D2,cal,0.6,444,0.11375114321708679,0.019514590770274676
D2,cal,0.61,444,0.11273612082004547,0.019148387887456403
D2,cal,0.62,444,0.11180159449577332,0.018753059812494234
D2,cal,0.63,444,0.11094605922698975,0.018327996134758003
D2,cal,0.64,444,0.11016800999641418,0.017872187334138
D2,cal,0.65,444,0.10946619510650635,0.017384850696937466
D2,cal,0.66,444,0.10883936285972595,0.01686515202661893
D2,cal,0.67,444,0.10828639566898346,0.016312424798269536
D2,cal,0.68,444,0.10780613124370575,0.015725953487662585
D2,cal,0.69,444,0.1073976382613182,0.014567097900687009
D2,cal,0.7,444,0.10705983638763428,0.009232195916476522
D2,cal,0.71,444,0.10679187625646591,0.0084721599076245
D2,cal,0.72,444,0.1065928041934967,0.009772173791855254
D2,cal,0.73,444,0.10646174103021622,0.010113546037459106
D2,cal,0.74,444,0.10639785975217819,0.009328931368686092
D2,cal,0.75,444,0.10640031099319458,0.009088011273929702
D2,cal,0.76,444,0.10646826028823853,0.008198159839118972
D2,cal,0.77,444,0.10660094767808914,0.00956722268381631
D2,cal,0.78,444,0.10679753869771957,0.00956377749507495
D2,cal,0.79,444,0.10705727338790894,0.010180439565095852
D2,cal,0.8,444,0.10737933218479156,0.015014460964782858
D2,cal,0.81,444,0.10776295512914658,0.015966516760018538
D2,cal,0.82,444,0.1082073450088501,0.016573080071457913
D2,cal,0.83,444,0.10871166735887527,0.014320790566302598
D2,cal,0.84,444,0.1092751994729042,0.015104684206816477
D2,cal,0.85,444,0.10989711433649063,0.016217382373036514
D2,cal,0.86,444,0.11057660728693008,0.01736366117859741
D2,cal,0.87,444,0.11131288856267929,0.021578655250974608
D2,cal,0.88,444,0.11210515350103378,0.022751084184861402
D2,cal,0.89,444,0.11295255273580551,0.023646036716731832
D2,cal,0.9,444,0.11385425925254822,0.025777182197785603
D2,cal,0.91,444,0.11480949074029922,0.027052811070068475
D2,cal,0.92,444,0.11581738293170929,0.028055667474463173
D2,cal,0.93,444,0.11687708646059036,0.03537164776174874
D2,cal,0.94,444,0.11798776686191559,0.040894285247132546
D2,cal,0.95,444,0.11914858967065811,0.04327673350905509
D2,cal,0.96,444,0.1203586682677269,0.04370722872716886
D2,cal,0.97,444,0.1216171607375145,0.04443385566140082
D2,cal,0.98,444,0.12292318046092987,0.04604807710862374
D2,cal,0.99,444,0.12427588552236557,0.04449711397692964
D2,cal,1.0,444,0.12567441165447235,0.046294515398708526
D2,cal,1.01,444,0.12711785733699799,0.04643009529188945
D2,cal,1.02,444,0.12860535085201263,0.043841552828346245
D2,cal,1.03,444,0.13013602793216705,0.04363304396738873
D2,cal,1.04,444,0.1317090392112732,0.0449363014048284
D2,cal,1.05,444,0.13332344591617584,0.04818814140450847
D2,cal,1.06,444,0.13497844338417053,0.050149277121097166
D2,cal,1.07,444,0.13667312264442444,0.05213448794575429
D2,cal,1.08,444,0.13840660452842712,0.05414314870093321
D2,cal,1.09,444,0.14017799496650696,0.056479636814680184
D2,cal,1.1,444,0.14198648929595947,0.058531839501213385
D2,cal,1.11,444,0.14383117854595184,0.0606051359224964
D2,cal,1.12,444,0.14571119844913483,0.060893750069914654
D2,cal,1.13,444,0.14762571454048157,0.0629761380789516
D2,cal,1.14,444,0.14957384765148163,0.06536571929852164
D2,cal,1.15,444,0.15155480802059174,0.0675186786028716
D2,cal,1.16,444,0.15356771647930145,0.06968953071145328
D2,cal,1.17,444,0.15561172366142273,0.07108753228241259
D2,cal,1.18,444,0.1576860547065735,0.08001520108800753
D2,cal,1.19,444,0.15978984534740448,0.08387874328606841
D2,cal,1.2,444,0.16192230582237244,0.0859629213138743
D2,cal,1.21,444,0.16408255696296692,0.0889734880881266
D2,cal,1.22,444,0.16626989841461182,0.08535313868039361
D2,cal,1.23,444,0.16848352551460266,0.0905466849605242
D2,cal,1.24,444,0.17072264850139618,0.09440796795460554
D2,cal,1.25,444,0.1729864627122879,0.09585846745753068
D2,cal,1.26,444,0.17527425289154053,0.09553918678749786
D2,cal,1.27,444,0.17758522927761078,0.09783342225594567
D2,cal,1.28,444,0.17991864681243896,0.10013728219646592
D2,cal,1.29,444,0.18227383494377136,0.1012435225887341
D2,cal,1.3,444,0.18464995920658112,0.10535018240009339
D2,cal,1.31,444,0.18704645335674286,0.10916608947891371
D2,cal,1.32,444,0.18946251273155212,0.11132496105389554
D2,cal,1.33,444,0.191897451877594,0.11178416866171469
D2,cal,1.34,444,0.19435061514377594,0.11416939196285902
D2,cal,1.35,444,0.19682131707668304,0.1165595776191703
D2,cal,1.36,444,0.19930893182754517,0.11895414837845808
D2,cal,1.37,444,0.2018127143383026,0.12135262612823969
D2,cal,1.38,444,0.2043321281671524,0.1237543893826974
D2,cal,1.39,444,0.20686651766300201,0.12615893224069666
D2,cal,1.4,444,0.2094152271747589,0.12856580102228904
D2,cal,1.41,444,0.21197772026062012,0.1318880879395717
D2,cal,1.42,444,0.2145533412694931,0.1377385629189981
D2,cal,1.43,444,0.2171415239572525,0.1411911343803277
D2,cal,1.44,444,0.21974174678325653,0.14345220402554346
D2,cal,1.45,444,0.22235333919525146,0.14406153277770894
D2,cal,1.46,444,0.2249758243560791,0.14433697141237092
D2,cal,1.47,444,0.22760866582393646,0.14672385746831293
D2,cal,1.48,444,0.230251282453537,0.1491096821185705
D2,cal,1.49,444,0.23290322721004486,0.15149389073118436
D2,cal,1.5,444,0.23556390404701233,0.15387614487527734
D2,cal,1.51,444,0.23823285102844238,0.15625609981047142
D2,cal,1.52,444,0.240909606218338,0.15745687686108256
D2,cal,1.53,444,0.24359369277954102,0.1598523255135562
D2,cal,1.54,444,0.246284618973732,0.16224421976922865
D2,cal,1.55,444,0.24898192286491394,0.164632147295518
D2,cal,1.56,444,0.25168517231941223,0.16701570925143386
D2,cal,1.57,444,0.25439393520355225,0.16939480790683814
D2,cal,1.58,444,0.25710776448249817,0.17176897602306837
D2,cal,1.59,444,0.2598262429237366,0.17413783127123175
D2,cal,1.6,444,0.26254895329475403,0.1765012437024632
D2,cal,1.61,444,0.2652755677700043,0.17885881313332566
D2,cal,1.62,444,0.2680055797100067,0.18121047062916795
D2,cal,1.63,444,0.2707386910915375,0.18355580170949296
D2,cal,1.64,444,0.2734745442867279,0.18589459628135238
D2,cal,1.65,444,0.27621275186538696,0.18822662908214707
D2,cal,1.66,444,0.2789528965950012,0.19055167565474634
D2,cal,1.67,444,0.2816947400569916,0.1934205752772254
D2,cal,1.68,444,0.2844378352165222,0.19559156411402934
D2,cal,1.69,444,0.2871820032596588,0.19574057304107395
D2,cal,1.7,444,0.28992679715156555,0.19815501530428187
D2,cal,1.71,444,0.29267191886901855,0.19880223636691632
D2,cal,1.72,444,0.2954171299934387,0.20108669009563088
D2,cal,1.73,444,0.2981621026992798,0.20413200751886715
D2,cal,1.74,444,0.3009065091609955,0.20638213132147315
D2,cal,1.75,444,0.3036501407623291,0.20862371662447043
D2,cal,1.76,444,0.3063926696777344,0.2108565021876816
D2,cal,1.77,444,0.3091338574886322,0.21308049452197447
D2,cal,1.78,444,0.3118734359741211,0.21529550964499383
D2,cal,1.79,444,0.31461113691329956,0.21750137693173177
D2,cal,1.8,444,0.3173467814922333,0.21969796448677506
D2,cal,1.81,444,0.32008010149002075,0.2218853616499686
D2,cal,1.82,444,0.3228108286857605,0.22344472373391058
D2,cal,1.83,444,0.3255387842655182,0.22562893513623664
D2,cal,1.84,444,0.32826370000839233,0.22780320229562553
D2,cal,1.85,444,0.330985426902771,0.22996780538075676
D2,cal,1.86,444,0.3337036967277527,0.23212224392740577
D2,cal,1.87,444,0.33641839027404785,0.2342666465419907
D2,cal,1.88,444,0.3391292691230774,0.23640095784857468
D2,cal,1.89,444,0.3418361246585846,0.23852496902953393
D2,cal,1.9,444,0.3445388078689575,0.2406387240500063
D2,cal,1.91,444,0.34723711013793945,0.24274218914745094
D2,cal,1.92,444,0.34993094205856323,0.24483522114989997
D2,cal,1.93,444,0.35262006521224976,0.24691780810957556
D2,cal,1.94,444,0.3553043305873871,0.24898995157029183
D2,cal,1.95,444,0.3579835891723633,0.25105154433765936
D2,cal,1.96,444,0.3606576919555664,0.25310256587223967
D2,cal,1.97,444,0.3633264899253845,0.2551429548242071
D2,cal,1.98,444,0.3659898638725281,0.2571727730132438
D2,cal,1.99,444,0.36864766478538513,0.25919181940791847
D2,cal,2.0,444,0.37129977345466614,0.26120024624171556
D2,test,0.5,642,0.1280614733695984,0.021835017427105814
D2,test,0.51,642,0.12603488564491272,0.0215644841067888
D2,test,0.52,642,0.12411938607692719,0.02127333008611689
D2,test,0.53,642,0.12231091409921646,0.020960404122729953
D2,test,0.54,642,0.12060586363077164,0.02062500405163041
D2,test,0.55,642,0.11900093406438828,0.021515520469421907
D2,test,0.56,642,0.11749310046434402,0.021138618482607542
D2,test,0.57,642,0.11607960611581802,0.0207359554054581
D2,test,0.58,642,0.11475799977779388,0.018439071850613324
D2,test,0.59,642,0.11352597177028656,0.017998086700558344
D2,test,0.6,642,0.11238137632608414,0.017528060162178793
D2,test,0.61,642,0.11132235825061798,0.017028296755110334
D2,test,0.62,642,0.11034708470106125,0.0164976775460525
D2,test,0.63,642,0.1094539687037468,0.01593562162182413
D2,test,0.64,642,0.10864144563674927,0.01580988794472359
D2,test,0.65,642,0.10790811479091644,0.015162863835367461
D2,test,0.66,642,0.10725260525941849,0.014482740486893703
D2,test,0.67,642,0.10667368024587631,0.01376887598884443
D2,test,0.68,642,0.1061701700091362,0.013020662596663969
D2,test,0.69,642,0.10574094951152802,0.012237763479119907
D2,test,0.7,642,0.10538492351770401,0.011419449732682389
D2,test,0.71,642,0.10510105639696121,0.010565334855581714
D2,test,0.72,642,0.10488837212324142,0.012133885395489744
D2,test,0.73,642,0.10474590957164764,0.012580890057614296
D2,test,0.74,642,0.10467270016670227,0.012557236483535262
D2,test,0.75,642,0.10466786473989487,0.013281152070125656
D2,test,0.76,642,0.1047305017709732,0.014041188442818441
D2,test,0.77,642,0.10485971719026566,0.017534060827296853
D2,test,0.78,642,0.10505463182926178,0.01834961688407115
D2,test,0.79,642,0.10531436651945114,0.01877275100006867
D2,test,0.8,642,0.10563809424638748,0.020054000467526235
D2,test,0.81,642,0.10602493584156036,0.020532710437091376
D2,test,0.82,642,0.10647402703762054,0.020813364013333214
D2,test,0.83,642,0.10698451846837997,0.025063778102583645
D2,test,0.84,642,0.1075555682182312,0.025808246243408543
D2,test,0.85,642,0.1081862673163414,0.024811170368551117
D2,test,0.86,642,0.1088758334517479,0.025580544245205967
D2,test,0.87,642,0.10962333530187607,0.026591028101347718
D2,test,0.88,642,0.11042791604995728,0.0272173477667514
D2,test,0.89,642,0.11128871887922287,0.027640248106276178
D2,test,0.9,642,0.11220484972000122,0.02850433227800505
D2,test,0.91,642,0.11317543685436249,0.029181406830330138
D2,test,0.92,642,0.11419957876205444,0.032393725583115124
D2,test,0.93,642,0.11527638137340546,0.03370468364883437
D2,test,0.94,642,0.11640498787164688,0.03464447574637758
D2,test,0.95,642,0.11758445203304291,0.03542071376634162
D2,test,0.96,642,0.1188139021396637,0.03711540992386243
D2,test,0.97,642,0.12009245902299881,0.03945264401279876
D2,test,0.98,642,0.12141913920640945,0.04370020719889173
D2,test,0.99,642,0.12279309332370758,0.04442789899968651
D2,test,1.0,642,0.12421337515115738,0.045586575878743485
D2,test,1.01,642,0.1256791055202484,0.04781805823710852
D2,test,1.02,642,0.12718936800956726,0.04902051017848873
D2,test,1.03,642,0.1287432312965393,0.05025039520404792
D2,test,1.04,642,0.1303398311138153,0.05065365474543463
D2,test,1.05,642,0.13197818398475647,0.054581064022961416
D2,test,1.06,642,0.13365745544433594,0.05396389325274116
D2,test,1.07,642,0.1353766918182373,0.05542259995254031
D2,test,1.08,642,0.13713501393795013,0.05730310653414683
D2,test,1.09,642,0.1389315128326416,0.05885198215643561
D2,test,1.1,642,0.14076530933380127,0.06050060810144073
D2,test,1.11,642,0.1426354944705963,0.06429810116409887
D2,test,1.12,642,0.1445412039756775,0.06623776243111792
D2,test,1.13,642,0.14648154377937317,0.06757417469752543
D2,test,1.14,642,0.1484556347131729,0.06954474018370249
D2,test,1.15,642,0.15046261250972748,0.07185401096707936
D2,test,1.16,642,0.15250161290168762,0.07390741641833402
D2,test,1.17,642,0.1545718014240265,0.07597831991788383
D2,test,1.18,642,0.15667231380939484,0.08055420080635031
D2,test,1.19,642,0.15880237519741058,0.08138876252827983
D2,test,1.2,642,0.1609610617160797,0.08346173951744659
D2,test,1.21,642,0.16314756870269775,0.08494474717946808
D2,test,1.22,642,0.16536110639572144,0.08666127205266386
D2,test,1.23,642,0.16760088503360748,0.09017612522821934
D2,test,1.24,642,0.16986607015132904,0.09245988773036967
D2,test,1.25,642,0.17215591669082642,0.09682654870262027
D2,test,1.26,642,0.17446963489055634,0.09912217517508157
D2,test,1.27,642,0.1768064796924591,0.10038418710417463
D2,test,1.28,642,0.17916564643383026,0.10082346628016772
D2,test,1.29,642,0.18154646456241608,0.10314603600175207
D2,test,1.3,642,0.1839481145143509,0.10547667853186064
D2,test,1.31,642,0.18636994063854218,0.10790567652458713
D2,test,1.32,642,0.18881124258041382,0.11016149233991858
D2,test,1.33,642,0.19127127528190613,0.1115901773313867
D2,test,1.34,642,0.1937493085861206,0.11301860301479742
D2,test,1.35,642,0.1962447464466095,0.11466056767653823
D2,test,1.36,642,0.19875691831111908,0.11693743340137222
D2,test,1.37,642,0.20128512382507324,0.11932486899173891
D2,test,1.38,642,0.20382869243621826,0.12167389598033879
D2,test,1.39,642,0.20638707280158997,0.12400244728798432
D2,test,1.4,642,0.2089596390724182,0.12698400322336273
D2,test,1.41,642,0.2115456908941269,0.13015609422576763
D2,test,1.42,642,0.21414469182491302,0.13150343716701618
D2,test,1.43,642,0.21675606071949005,0.13595360466438663
D2,test,1.44,642,0.2193792164325714,0.13832447318087482
D2,test,1.45,642,0.22201357781887054,0.13918705525985017
D2,test,1.46,642,0.22465857863426208,0.14302590791124423
D2,test,1.47,642,0.22731366753578186,0.14541042384885922
D2,test,1.48,642,0.22997835278511047,0.1477936023956518
D2,test,1.49,642,0.23265214264392853,0.15204070615248513
D2,test,1.5,642,0.23533442616462708,0.1544126286592068
D2,test,1.51,642,0.2380247563123703,0.1567821210697061
D2,test,1.52,642,0.2407226860523224,0.15914885490854208
D2,test,1.53,642,0.24342761933803558,0.16026046078338801
D2,test,1.54,642,0.24613919854164124,0.1640726692301462
D2,test,1.55,642,0.24885694682598114,0.16642752029814087
D2,test,1.56,642,0.2515803277492523,0.16877828148480886
D2,test,1.57,642,0.2543090581893921,0.17112450923689426
D2,test,1.58,642,0.2570425868034363,0.1734659852361382
D2,test,1.59,642,0.25978055596351624,0.1741446648431344
D2,test,1.6,642,0.26252248883247375,0.1764811917535984
D2,test,1.61,642,0.2652680277824402,0.17756147172035086
D2,test,1.62,642,0.2680168151855469,0.17966776199615633
D2,test,1.63,642,0.2707684636116028,0.18203392759476125
D2,test,1.64,642,0.2735225558280945,0.18439295980789205
D2,test,1.65,642,0.2762787342071533,0.1867449166618775
D2,test,1.66,642,0.2790367007255554,0.1890894422000071
D2,test,1.67,642,0.2817961275577545,0.19142625464642904
D2,test,1.68,642,0.2845565378665924,0.19375526064838572
D2,test,1.69,642,0.28731781244277954,0.19607631230837091
D2,test,1.7,642,0.29007941484451294,0.1983891462796945
D2,test,1.71,642,0.29284122586250305,0.2006935731179989
D2,test,1.72,642,0.29560279846191406,0.20298932604143555
D2,test,1.73,642,0.29836392402648926,0.2052764885150755
D2,test,1.74,642,0.3011242747306824,0.20755473730905777
D2,test,1.75,642,0.3038835823535919,0.2098239955965232
D2,test,1.76,642,0.3066416084766388,0.21228172999119094
D2,test,1.77,642,0.3093980550765991,0.21448195987958402
D2,test,1.78,642,0.3121526837348938,0.21657608779048623
D2,test,1.79,642,0.3149052560329437,0.21880782625385536
D2,test,1.8,642,0.3176555335521698,0.22102996911215264
D2,test,1.81,642,0.32040315866470337,0.2232422775754305
D2,test,1.82,642,0.32314810156822205,0.22544477044421934
D2,test,1.83,642,0.32589003443717957,0.2276371761553013
D2,test,1.84,642,0.3286287188529968,0.23007856787550862
D2,test,1.85,642,0.3313640356063843,0.23220599319704596
D2,test,1.86,642,0.33409562706947327,0.23432356286271705
D2,test,1.87,642,0.3368234634399414,0.23643134789674825
D2,test,1.88,642,0.3395473062992096,0.2384470149735424
D2,test,1.89,642,0.34226691722869873,0.24081921730643122
D2,test,1.9,642,0.34498217701911926,0.24289579188155233
D2,test,1.91,642,0.3476928174495697,0.24496232771613516
D2,test,1.92,642,0.35039880871772766,0.2470187194343668
D2,test,1.93,642,0.3530999422073364,0.24906480985452825
D2,test,1.94,642,0.3557960093021393,0.2511006596025277
D2,test,1.95,642,0.3584868311882019,0.25314136889307665
D2,test,1.96,642,0.3611723780632019,0.2551978398984837
D2,test,1.97,642,0.3638524115085602,0.2572435629887745
D2,test,1.98,642,0.36652684211730957,0.25927846546856415
D2,test,1.99,642,0.36919549107551575,0.261302421954562
D2,test,2.0,642,0.37185829877853394,0.26331557653774723
D3,cal,0.5,212,0.14571651816368103,0.026444545331990955
D3,cal,0.51,212,0.14383089542388916,0.02295676126794996
D3,cal,0.52,212,0.14206168055534363,0.022534911362629972
D3,cal,0.53,212,0.14040397107601166,0.022090970064109268
D3,cal,0.54,212,0.13885323703289032,0.023512449185803294
D3,cal,0.55,212,0.13740535080432892,0.02306641806971356
D3,cal,0.56,212,0.13605649769306183,0.022596379777170588
D3,cal,0.57,212,0.13480308651924133,0.02210196655876233
D3,cal,0.58,212,0.13364183902740479,0.021582645065379606
D3,cal,0.59,212,0.13256967067718506,0.021038188686910677
D3,cal,0.6,212,0.13158373534679413,0.02046830839705918
D3,cal,0.61,212,0.13068139553070068,0.01987265444026804
D3,cal,0.62,212,0.12986011803150177,0.021154704240133188
D3,cal,0.63,212,0.12911751866340637,0.020547392795670676
D3,cal,0.64,212,0.12845149636268616,0.019913201624492463
D3,cal,0.65,212,0.12785987555980682,0.019251952474971953
D3,cal,0.66,212,0.1273406744003296,0.014130759913966307
D3,cal,0.67,212,0.12689204514026642,0.013340160812971739
D3,cal,0.68,212,0.12651224434375763,0.012758172907919252
D3,cal,0.69,212,0.12619951367378235,0.011679713456135839
D3,cal,0.7,212,0.12595230340957642,0.010809851986057316
D3,cal,0.71,212,0.1257689744234085,0.0130037339228504
D3,cal,0.72,212,0.12564809620380402,0.012490560142499106
D3,cal,0.73,212,0.12558819353580475,0.012907390886882576
D3,cal,0.74,212,0.12558788061141968,0.013622764708860872
D3,cal,0.75,212,0.12564583122730255,0.022577763166067747
D3,cal,0.76,212,0.1257607638835907,0.024799387691155923
D3,cal,0.77,212,0.12593138217926025,0.025781845709062973
D3,cal,0.78,212,0.12615647912025452,0.02678922887118358
D3,cal,0.79,212,0.12643487751483917,0.028413779049549455
D3,cal,0.8,212,0.1267654001712799,0.02934037626914257
D3,cal,0.81,212,0.1271468698978424,0.03029299878849176
D3,cal,0.82,212,0.1275782734155655,0.030007635085087934
D3,cal,0.83,212,0.12805843353271484,0.029720014277494215
D3,cal,0.84,212,0.1285863071680069,0.03076586745819959
D3,cal,0.85,212,0.12916088104248047,0.027577277062074204
D3,cal,0.86,212,0.1297810971736908,0.028129453928965424
D3,cal,0.87,212,0.1304459571838379,0.029358663086621262
D3,cal,0.88,212,0.13115447759628296,0.028855411230393167
D3,cal,0.89,212,0.1319056749343872,0.03028198345652166
D3,cal,0.9,212,0.13269858062267303,0.03172895256078468
D3,cal,0.91,212,0.13353227078914642,0.03319612145423889
D3,cal,0.92,212,0.13440579175949097,0.035738598344460984
D3,cal,0.93,212,0.13531823456287384,0.036188744149118116
D3,cal,0.94,212,0.13626869022846222,0.03857052804164163
D3,cal,0.95,212,0.13725629448890686,0.047511346216471684
D3,cal,0.96,212,0.13828013837337494,0.04892298860369984
D3,cal,0.97,212,0.1393393725156784,0.050353578239116986
D3,cal,0.98,212,0.14043311774730682,0.05180240267852563
D3,cal,0.99,212,0.14156055450439453,0.05326944449037872
D3,cal,1.0,212,0.14272083342075348,0.054753678024939786
D3,cal,1.01,212,0.143913134932518,0.056254900570185694
D3,cal,1.02,212,0.14513671398162842,0.05586091527399023
D3,cal,1.03,212,0.1463906466960907,0.05736427093451874
D3,cal,1.04,212,0.14767426252365112,0.058555245118321136
D3,cal,1.05,212,0.14898674190044403,0.05759617461348476
D3,cal,1.06,212,0.15032729506492615,0.058267845578913444
D3,cal,1.07,212,0.15169525146484375,0.059884965419769315
D3,cal,1.08,212,0.15308979153633118,0.06077716879124913
D3,cal,1.09,212,0.15451017022132874,0.06252821099083376
D3,cal,1.1,212,0.1559557467699051,0.06429060309563042
D3,cal,1.11,212,0.15742576122283936,0.06606381822307156
D3,cal,1.12,212,0.15891949832439423,0.06784737644330507
D3,cal,1.13,212,0.16043628752231598,0.06964082762880146
D3,cal,1.14,212,0.16197550296783447,0.07144371518548931
D3,cal,1.15,212,0.1635364145040512,0.07325556002697856
D3,cal,1.16,212,0.16511838138103485,0.07507592720805478
D3,cal,1.17,212,0.16672074794769287,0.07690425413959433
D3,cal,1.18,212,0.16834291815757751,0.0808176434827301
D3,cal,1.19,212,0.16998428106307983,0.08252305157904359
D3,cal,1.2,212,0.1716441810131073,0.08423666431094115
D3,cal,1.21,212,0.17332200706005096,0.08910471341519988
D3,cal,1.22,212,0.17501717805862427,0.09085208402489722
D3,cal,1.23,212,0.17672914266586304,0.09260617730752475
D3,cal,1.24,212,0.17845728993415833,0.09184241379207035
D3,cal,1.25,212,0.18020111322402954,0.09358372722031934
D3,cal,1.26,212,0.18196000158786774,0.0953306624630712
D3,cal,1.27,212,0.18373341858386993,0.09708300317233463
D3,cal,1.28,212,0.18552091717720032,0.09884012574857136
D3,cal,1.29,212,0.18732190132141113,0.10375451915106683
D3,cal,1.3,212,0.1891358345746994,0.1030105913303933
D3,cal,1.31,212,0.1909622997045517,0.10477959364652635
D3,cal,1.32,212,0.19280077517032623,0.10970493068672577
D3,cal,1.33,212,0.194650799036026,0.10739235284755815
D3,cal,1.34,212,0.19651180505752563,0.11035365386391588
D3,cal,1.35,212,0.19838343560695648,0.11333561266930597
D3,cal,1.36,212,0.20026521384716034,0.11634319472425388
D3,cal,1.37,212,0.2021566480398178,0.11810956487678133
D3,cal,1.38,212,0.20405741035938263,0.1205049992169974
D3,cal,1.39,212,0.205966979265213,0.12419288085316711
D3,cal,1.4,212,0.20788496732711792,0.12665337788046532
D3,cal,1.41,212,0.20981097221374512,0.12912371768704
D3,cal,1.42,212,0.21174459159374237,0.13096844629859025
D3,cal,1.43,212,0.21368545293807983,0.13281139900099556
D3,cal,1.44,212,0.21563321352005005,0.13528858420421494
D3,cal,1.45,212,0.2175873965024948,0.13714111540115106
D3,cal,1.46,212,0.21954770386219025,0.13963224949701777
D3,cal,1.47,212,0.2215138077735901,0.1421337085512449
D3,cal,1.48,212,0.22348527610301971,0.14400546871266276
D3,cal,1.49,212,0.22546184062957764,0.14587421321643976
D3,cal,1.5,212,0.22744311392307281,0.14773999744991087
D3,cal,1.51,212,0.22942887246608734,0.1496024713763651
D3,cal,1.52,212,0.2314186841249466,0.15146136087066722
D3,cal,1.53,212,0.23341232538223267,0.1539548745132842
D3,cal,1.54,212,0.2354094237089157,0.15581915822793854
D3,cal,1.55,212,0.23740975558757782,0.15767937519077985
D3,cal,1.56,212,0.23941293358802795,0.15953543979041984
D3,cal,1.57,212,0.24141885340213776,0.16138715029887435
D3,cal,1.58,212,0.2434270679950714,0.1632343759795405
D3,cal,1.59,212,0.2454373687505722,0.16507672363857054
D3,cal,1.6,212,0.24744956195354462,0.1669144189020373
D3,cal,1.61,212,0.2494632750749588,0.1687469614564248
D3,cal,1.62,212,0.25147831439971924,0.17057450115680695
D3,cal,1.63,212,0.2534945011138916,0.17239663932683333
D3,cal,1.64,212,0.2555115222930908,0.17421344372461425
D3,cal,1.65,212,0.2575291395187378,0.1760246866154221
D3,cal,1.66,212,0.2595472037792206,0.17783022236149265
D3,cal,1.67,212,0.2615654468536377,0.17962998882779535
D3,cal,1.68,212,0.2635837197303772,0.18142380916847373
D3,cal,1.69,212,0.2656017243862152,0.183211698284689
D3,cal,1.7,212,0.2676193416118622,0.18499337755284218
D3,cal,1.71,212,0.2696363031864166,0.18676882701100045
D3,cal,1.72,212,0.271652489900589,0.18853802557261484
D3,cal,1.73,212,0.2736676335334778,0.1903007671518146
D3,cal,1.74,212,0.27568164467811584,0.19205699158164694
D3,cal,1.75,212,0.27769437432289124,0.19380666596709556
D3,cal,1.76,212,0.2797055244445801,0.19554964551385842
D3,cal,1.77,212,0.28171506524086,0.19728591250923444
D3,cal,1.78,212,0.2837226688861847,0.19901534999316595
D3,cal,1.79,212,0.2857283651828766,0.20073789076985052
D3,cal,1.8,212,0.2877318859100342,0.2024535452419857
D3,cal,1.81,212,0.2897331416606903,0.20416213572025296
D3,cal,1.82,212,0.29173195362091064,0.20586368947658898
D3,cal,1.83,212,0.29372820258140564,0.2075582076356096
D3,cal,1.84,212,0.29572176933288574,0.20460760129510236
D3,cal,1.85,212,0.2977125346660614,0.2062291203523582
D3,cal,1.86,212,0.2997003197669983,0.20784336820525942
D3,cal,1.87,212,0.30168503522872925,0.21071683418638304
D3,cal,1.88,212,0.3036665618419647,0.21233145456831412
D3,cal,1.89,212,0.30564478039741516,0.21393868959737272
D3,cal,1.9,212,0.307619571685791,0.2180687092104048
D3,cal,1.91,212,0.3095908761024475,0.2196903793879275
D3,cal,1.92,212,0.31155845522880554,0.22130468164412478
D3,cal,1.93,212,0.3135223686695099,0.22291131626884894
D3,cal,1.94,212,0.3154824674129486,0.22451050242163104
D3,cal,1.95,212,0.31743869185447693,0.2261021319987639
D3,cal,1.96,212,0.3193908631801605,0.2276861843354297
D3,cal,1.97,212,0.3213388919830322,0.22926270807126783
D3,cal,1.98,212,0.32328280806541443,0.23209183030533342
D3,cal,1.99,212,0.3252224028110504,0.23366725037120423
D3,cal,2.0,212,0.3271576762199402,0.23523502881234548
D3,test,0.5,299,0.17934246361255646,0.034446603877089865
D3,test,0.51,299,0.17675191164016724,0.03393444767763779
D3,test,0.52,299,0.17430536448955536,0.03340161275305474
D3,test,0.53,299,0.17199650406837463,0.034197327484653914
D3,test,0.54,299,0.16981954872608185,0.03366002540125892
D3,test,0.55,299,0.1677691638469696,0.033099680042585775
D3,test,0.56,299,0.16584037244319916,0.031050037480516955
D3,test,0.57,299,0.1640286147594452,0.030404547983188715
D3,test,0.58,299,0.16232961416244507,0.029735109678478963
D3,test,0.59,299,0.16073936223983765,0.03287201073257423
D3,test,0.6,299,0.15925417840480804,0.030477186309852747
D3,test,0.61,299,0.15787062048912048,0.029825617936143932
D3,test,0.62,299,0.15658538043498993,0.030514251129284374
D3,test,0.63,299,0.15539546310901642,0.02987121409397064
D3,test,0.64,299,0.15429791808128357,0.029203135133985716
D3,test,0.65,299,0.1532900631427765,0.02897356266162069
D3,test,0.66,299,0.15236930549144745,0.030087029555170834
D3,test,0.67,299,0.15153323113918304,0.029840356928847754
D3,test,0.68,299,0.15077950060367584,0.029139026550943685
D3,test,0.69,299,0.15010586380958557,0.028411005452325163
D3,test,0.7,299,0.14951027929782867,0.02811326888891369
D3,test,0.71,299,0.1489906758069992,0.02779838323194448
D3,test,0.72,299,0.14854513108730316,0.020786685190073255
D3,test,0.73,299,0.14817175269126892,0.017543135279397132
D3,test,0.74,299,0.1478687971830368,0.015507594299156971
D3,test,0.75,299,0.14763447642326355,0.017540054377106158
D3,test,0.76,299,0.14746713638305664,0.017381260028252257
D3,test,0.77,299,0.14736518263816833,0.014959051656882525
D3,test,0.78,299,0.1473270207643509,0.014750419552110936
D3,test,0.79,299,0.14735116064548492,0.018710402840355942
D3,test,0.8,299,0.14743605256080627,0.020542225809798965
D3,test,0.81,299,0.14758029580116272,0.021791932973574624
D3,test,0.82,299,0.14778251945972443,0.0229639297345012
D3,test,0.83,299,0.1480412781238556,0.02420362212187473
D3,test,0.84,299,0.14835527539253235,0.025271398666311645
D3,test,0.85,299,0.14872319996356964,0.031844076803296706
D3,test,0.86,299,0.1491437554359436,0.033521137408986934
D3,test,0.87,299,0.14961573481559753,0.03389021744297503
D3,test,0.88,299,0.15013782680034637,0.040062561780712706
D3,test,0.89,299,0.1507088989019394,0.041316979007178734
D3,test,0.9,299,0.15132775902748108,0.04080679982800947
D3,test,0.91,299,0.15199321508407593,0.03981361221708983
D3,test,0.92,299,0.1527041643857956,0.040616358103959485
D3,test,0.93,299,0.15345945954322815,0.04324452314887155
D3,test,0.94,299,0.15425805747509003,0.04906599637258009
D3,test,0.95,299,0.1550988256931305,0.043322758032725436
D3,test,0.96,299,0.15598072111606598,0.03406922255072708
D3,test,0.97,299,0.1569027155637741,0.03227645647166965
D3,test,0.98,299,0.1578637659549713,0.033048178140933734
D3,test,0.99,299,0.1588628739118576,0.03680019843139779
D3,test,1.0,299,0.15989908576011658,0.03834226079609081
D3,test,1.01,299,0.16097138822078705,0.041426675076468744
D3,test,1.02,299,0.16207881271839142,0.041478871302461175
D3,test,1.03,299,0.16322046518325806,0.04307247474042065
D3,test,1.04,299,0.16439540684223175,0.04058748942155102
D3,test,1.05,299,0.16560271382331848,0.042169171133168995
D3,test,1.06,299,0.166841521859169,0.04412126600941682
D3,test,1.07,299,0.1681109517812729,0.04674958813947977
D3,test,1.08,299,0.1694101095199585,0.04941207200388444
D3,test,1.09,299,0.17073817551136017,0.051208455526709176
D3,test,1.1,299,0.17209433019161224,0.05704900991159143
D3,test,1.11,299,0.17347773909568787,0.05523662742563715
D3,test,1.12,299,0.174887552857399,0.061457601777685916
D3,test,1.13,299,0.1763230711221695,0.06188710856198465
D3,test,1.14,299,0.17778347432613373,0.06320597824444339
D3,test,1.15,299,0.179268017411232,0.06273394543989046
D3,test,1.16,299,0.18077591061592102,0.06448078215321568
D3,test,1.17,299,0.18230648338794708,0.07072323929506005
D3,test,1.18,299,0.1838589906692505,0.07342466941246618
D3,test,1.19,299,0.18543273210525513,0.0740720428351973
D3,test,1.2,299,0.1870270073413849,0.0758535839044131
D3,test,1.21,299,0.18864114582538605,0.07764260555589479
D3,test,1.22,299,0.19027447700500488,0.07943857912235833
D3,test,1.23,299,0.19192636013031006,0.07901093981736482
D3,test,1.24,299,0.19359610974788666,0.08348327516313384
D3,test,1.25,299,0.1952831745147705,0.08529704310822249
D3,test,1.26,299,0.19698691368103027,0.08711604061334031
D3,test,1.27,299,0.19870668649673462,0.08893985572865974
D3,test,1.28,299,0.20044195652008057,0.09076783539459458
D3,test,1.29,299,0.20219212770462036,0.08859538852570449
D3,test,1.3,299,0.20395664870738983,0.0904418703505028
D3,test,1.31,299,0.20573490858078003,0.09229132782256724
D3,test,1.32,299,0.20752646028995514,0.09013389434702819
D3,test,1.33,299,0.20933067798614502,0.09200116583336157
D3,test,1.34,299,0.21114709973335266,0.09387009129875079
D3,test,1.35,299,0.21297523379325867,0.09625811820046161
D3,test,1.36,299,0.21481451392173767,0.09887444006160749
D3,test,1.37,299,0.21666456758975983,0.10036869870380415
D3,test,1.38,299,0.21852479875087738,0.10262861309641579
D3,test,1.39,299,0.2203948050737381,0.10324164268165129
D3,test,1.4,299,0.22227409482002258,0.10548420783668058
D3,test,1.41,299,0.22416232526302338,0.10773702190073838
D3,test,1.42,299,0.2260589897632599,0.11044524096724981
D3,test,1.43,299,0.22796359658241272,0.11227055267745438
D3,test,1.44,299,0.22987590730190277,0.11409389623830152
D3,test,1.45,299,0.23179534077644348,0.11570808341271901
D3,test,1.46,299,0.23372162878513336,0.11759185930558272
D3,test,1.47,299,0.2356543093919754,0.11947222218465645
D3,test,1.48,299,0.23759305477142334,0.12134916746496757
D3,test,1.49,299,0.23953749239444733,0.12322243769033296
D3,test,1.5,299,0.24148724973201752,0.12509180660231856
D3,test,1.51,299,0.24344195425510406,0.12601210072287744
D3,test,1.52,299,0.2454013079404831,0.12790819354679273
D3,test,1.53,299,0.24736502766609192,0.13054442276125372
D3,test,1.54,299,0.24933266639709473,0.13234990197280577
D3,test,1.55,299,0.2513040006160736,0.13415194654145768
D3,test,1.56,299,0.2532786428928375,0.13595035971207764
D3,test,1.57,299,0.25525641441345215,0.14086313710164863
D3,test,1.58,299,0.2572369873523712,0.14268515520669942
D3,test,1.59,299,0.2592199444770813,0.14450263847475472
D3,test,1.6,299,0.26120519638061523,0.1436380647297288
D3,test,1.61,299,0.263192355632782,0.1454362542334209
D3,test,1.62,299,0.26518115401268005,0.14722945070186982
D3,test,1.63,299,0.2671714127063751,0.1490176287183793
D3,test,1.64,299,0.2691628336906433,0.15080064086611053
D3,test,1.65,299,0.27115514874458313,0.15570293341990696
D3,test,1.66,299,0.27314820885658264,0.15748337339796747
D3,test,1.67,299,0.27514171600341797,0.15925815412432054
D3,test,1.68,299,0.2771354913711548,0.1610271266870275
D3,test,1.69,299,0.279129296541214,0.16279032876260305
D3,test,1.7,299,0.2811228930950165,0.16454739763983917
D3,test,1.71,299,0.28311607241630554,0.16629830859975273
D3,test,1.72,299,0.2851087152957916,0.1680430690181694
D3,test,1.73,299,0.28710052371025085,0.16978145134090183
D3,test,1.74,299,0.2890913784503937,0.16883140483428805
D3,test,1.75,299,0.29108110070228577,0.17054693575288143
D3,test,1.76,299,0.293069452047348,0.17225604063292407
D3,test,1.77,299,0.2950563430786133,0.17075161421578064
D3,test,1.78,299,0.29704150557518005,0.17251026480891632
D3,test,1.79,299,0.29902487993240356,0.17426167064685885
D3,test,1.8,299,0.3010062575340271,0.17600570404808655
D3,test,1.81,299,0.3029855191707611,0.17774234238675604
D3,test,1.82,299,0.3049624264240265,0.17947145728363242
D3,test,1.83,299,0.30693694949150085,0.1811930574102944
D3,test,1.84,299,0.3089088499546051,0.18351224832311525
D3,test,1.85,299,0.31087806820869446,0.18603778493444262
D3,test,1.86,299,0.3128444254398346,0.18766701171629405
D3,test,1.87,299,0.31480783224105835,0.18928851800220067
D3,test,1.88,299,0.3167681097984314,0.19090236818112655
D3,test,1.89,299,0.3187252879142761,0.19340683096228636
D3,test,1.9,299,0.3206789791584015,0.19501552902735195
D3,test,1.91,299,0.32262930274009705,0.19661628562072447
D3,test,1.92,299,0.32457610964775085,0.19820925942232775
D3,test,1.93,299,0.3265191912651062,0.20220373117405438
D3,test,1.94,299,0.32845863699913025,0.20377079748788404
D3,test,1.95,299,0.3303941488265991,0.2053300707435927
D3,test,1.96,299,0.33232569694519043,0.20525090710375218
D3,test,1.97,299,0.3342532813549042,0.20685364759486652
D3,test,1.98,299,0.33617672324180603,0.20844853990851442
D3,test,1.99,299,0.33809590339660645,0.21003558753326185
D3,test,2.0,299,0.3400108516216278,0.2116147432239558
D4,cal,0.5,510,0.13648763298988342,0.023960802251217377
D4,cal,0.51,510,0.13458660244941711,0.023514820313921124
D4,cal,0.52,510,0.1327955275774002,0.023053412227069595
D4,cal,0.53,510,0.1311100423336029,0.024913210845461036
D4,cal,0.54,510,0.1295263022184372,0.024447398910335486
D4,cal,0.55,510,0.12804079055786133,0.0239625612894694
D4,cal,0.56,510,0.1266503483057022,0.021033509806090707
D4,cal,0.57,510,0.12535198032855988,0.022974973800135596
D4,cal,0.58,510,0.1241430938243866,0.021795438434563434
D4,cal,0.59,510,0.12302123010158539,0.021792084095524807
D4,cal,0.6,510,0.12198416143655777,0.021245995339225318
D4,cal,0.61,510,0.12102986872196198,0.020675261347901586
D4,cal,0.62,510,0.12015644460916519,0.020079071147769106
D4,cal,0.63,510,0.11936216801404953,0.018661260020499136
D4,cal,0.64,510,0.11864544451236725,0.015950047969818117
D4,cal,0.65,510,0.11800471693277359,0.015199123878105016
D4,cal,0.66,510,0.11743868887424469,0.017098691182978052
D4,cal,0.67,510,0.11694595962762833,0.016313717762629232
D4,cal,0.68,510,0.11652536690235138,0.012895755791196678
D4,cal,0.69,510,0.11617571860551834,0.012409927681380587
D4,cal,0.7,510,0.11589590460062027,0.01666592943902105
D4,cal,0.71,510,0.11568489670753479,0.020437923716563784
D4,cal,0.72,510,0.11554165184497833,0.021371510098962206
D4,cal,0.73,510,0.11546523869037628,0.018302109837532023
D4,cal,0.74,510,0.11545471101999283,0.018949805696805284
D4,cal,0.75,510,0.11550914496183395,0.0201498762649648
D4,cal,0.76,510,0.11562764644622803,0.020954347533338236
D4,cal,0.77,510,0.1158093735575676,0.020748701808499383
D4,cal,0.78,510,0.11605346202850342,0.02160880109843085
D4,cal,0.79,510,0.11635905504226685,0.02166582807606343
D4,cal,0.8,510,0.11672531813383102,0.02252079002997455
D4,cal,0.81,510,0.11715143918991089,0.024133458149199396
D4,cal,0.82,510,0.11763658374547958,0.022156462131762065
D4,cal,0.83,510,0.11817994713783264,0.023132004866413085
D4,cal,0.84,510,0.1187807023525238,0.023616594251464444
D4,cal,0.85,510,0.11943802982568741,0.028394568609256418
D4,cal,0.86,510,0.12015113234519958,0.03214829978989624
D4,cal,0.87,510,0.12091916054487228,0.03542332134994802
D4,cal,0.88,510,0.12174135446548462,0.03665296353545847
D4,cal,0.89,510,0.12261682003736496,0.037118729014022696
D4,cal,0.9,510,0.12354477494955063,0.03840352419544671
D4,cal,0.91,510,0.12452437728643417,0.03914477854382761
D4,cal,0.92,510,0.12555481493473053,0.042077828563895914
D4,cal,0.93,510,0.12663523852825165,0.04348078019478738
D4,cal,0.94,510,0.12776485085487366,0.0425673979754541
D4,cal,0.95,510,0.12894274294376373,0.04430584235518583
D4,cal,0.96,510,0.1301681101322174,0.0431855700179642
D4,cal,0.97,510,0.13144011795520782,0.04470371072198831
D4,cal,0.98,510,0.13275794684886932,0.04589434476459729
D4,cal,0.99,510,0.13412068784236908,0.04766694161237458
D4,cal,1.0,510,0.13552753627300262,0.049073784257851395
D4,cal,1.01,510,0.13697762787342072,0.04585466653692953
D4,cal,1.02,510,0.1384701132774353,0.05163795480541152
D4,cal,1.03,510,0.14000414311885834,0.053350044523968444
D4,cal,1.04,510,0.14157886803150177,0.05587163807130327
D4,cal,1.05,510,0.14319348335266113,0.05761780230438009
D4,cal,1.06,510,0.1448470801115036,0.06173358571295649
D4,cal,1.07,510,0.1465388685464859,0.0650824395464916
D4,cal,1.08,510,0.1482679396867752,0.06690159054363476
D4,cal,1.09,510,0.15003351867198944,0.0687441796064377
D4,cal,1.1,510,0.15183472633361816,0.07060955786237529
D4,cal,1.11,510,0.1536707580089569,0.07249693847170062
D4,cal,1.12,510,0.15554076433181763,0.07440585038241217
D4,cal,1.13,510,0.15744394063949585,0.07423079668306837
D4,cal,1.14,510,0.1593794822692871,0.07615767962792343
D4,cal,1.15,510,0.16134655475616455,0.07810390229318653
D4,cal,1.16,510,0.1633443534374237,0.07981175780296329
D4,cal,1.17,510,0.1653720885515213,0.08179730843095219
D4,cal,1.18,510,0.16742892563343048,0.08379994671718748
D4,cal,1.19,510,0.16951419413089752,0.0858192197832407
D4,cal,1.2,510,0.1716269701719284,0.08339444883898192
D4,cal,1.21,510,0.17376656830310822,0.08365488747755682
D4,cal,1.22,510,0.17593218386173248,0.08440521745120777
D4,cal,1.23,510,0.17812305688858032,0.08863310451601064
D4,cal,1.24,510,0.18033850193023682,0.09077619594686173
D4,cal,1.25,510,0.1825777143239975,0.093610033509778
D4,cal,1.26,510,0.18483997881412506,0.1005091805084079
D4,cal,1.27,510,0.1871245950460434,0.10267621471601374
D4,cal,1.28,510,0.18943087756633759,0.10443020848666924
D4,cal,1.29,510,0.19175803661346436,0.10534891375139652
D4,cal,1.3,510,0.19410544633865356,0.10757770234463261
D4,cal,1.31,510,0.1964724063873291,0.10981442203708727
D4,cal,1.32,510,0.19885827600955963,0.11205841565833376
D4,cal,1.33,510,0.20126233994960785,0.11473856720269898
D4,cal,1.34,510,0.20368392765522003,0.12009144851974414
D4,cal,1.35,510,0.20612245798110962,0.12231628234479942
D4,cal,1.36,510,0.2085772603750229,0.12428188423315684
D4,cal,1.37,510,0.21104773879051208,0.12657082811290143
D4,cal,1.38,510,0.21353326737880707,0.12624658030622143
D4,cal,1.39,510,0.21603325009346008,0.1304380876760857
D4,cal,1.4,510,0.21854707598686218,0.13266387400673885
D4,cal,1.41,510,0.2210741490125656,0.13489288418900733
D4,cal,1.42,510,0.2236139476299286,0.1371245491154054
D4,cal,1.43,510,0.22616590559482574,0.1380412331983155
D4,cal,1.44,510,0.2287294715642929,0.13619027272158982
D4,cal,1.45,510,0.23130403459072113,0.13852987131651712
D4,cal,1.46,510,0.2338891327381134,0.14088960587978366
D4,cal,1.47,510,0.23648419976234436,0.1432485574016384
D4,cal,1.48,510,0.23908881843090057,0.14560621357431602
D4,cal,1.49,510,0.2417023926973343,0.14796232312333346
D4,cal,1.5,510,0.2443244457244873,0.15031639577126973
D4,cal,1.51,510,0.246954545378685,0.1526680370756224
D4,cal,1.52,510,0.24959221482276917,0.15501703064815667
D4,cal,1.53,510,0.2522369623184204,0.15736296323000218
D4,cal,1.54,510,0.2548883557319641,0.15970538065714
D4,cal,1.55,510,0.25754594802856445,0.16204416021412493
D4,cal,1.56,510,0.26020926237106323,0.16437885428176205
D4,cal,1.57,510,0.2628779709339142,0.16826775722643905
D4,cal,1.58,510,0.2655516266822815,0.1705769930400101
D4,cal,1.59,510,0.26822978258132935,0.17288159809860526
D4,cal,1.6,510,0.27091214060783386,0.175181136470215
D4,cal,1.61,510,0.27359816431999207,0.17747534490099143
D4,cal,1.62,510,0.27628761529922485,0.1776676944073509
D4,cal,1.63,510,0.2789800465106964,0.1799456696299946
D4,cal,1.64,510,0.28167518973350525,0.1841451313565759
D4,cal,1.65,510,0.28437259793281555,0.18635430137316386
D4,cal,1.66,510,0.28707194328308105,0.18855760453962814
D4,cal,1.67,510,0.28977295756340027,0.19258348789869564
D4,cal,1.68,510,0.29247525334358215,0.19476975342806646
D4,cal,1.69,510,0.29517862200737,0.19694960415363308
D4,cal,1.7,510,0.2978825867176056,0.20253668871580385
D4,cal,1.71,510,0.30058687925338745,0.19999155355434795
D4,cal,1.72,510,0.30329135060310364,0.20214343404068666
D4,cal,1.73,510,0.3059955835342407,0.20611771578882254
D4,cal,1.74,510,0.3086993098258972,0.2082501107571172
D4,cal,1.75,510,0.3114023208618164,0.21037500208499382
D4,cal,1.76,510,0.31410425901412964,0.21249225536982222
D4,cal,1.77,510,0.316804975271225,0.21258800473867676
D4,cal,1.78,510,0.3195042014122009,0.2147427416899625
D4,cal,1.79,510,0.32220160961151123,0.2168888032436371
D4,cal,1.8,510,0.32489702105522156,0.21902630188885858
D4,cal,1.81,510,0.3275901973247528,0.2207039131253373
D4,cal,1.82,510,0.33028098940849304,0.2228527543007159
D4,cal,1.83,510,0.3329690098762512,0.22499234968540716
D4,cal,1.84,510,0.33565419912338257,0.22712251473875608
D4,cal,1.85,510,0.33833619952201843,0.2292432320468566
D4,cal,1.86,510,0.3410150408744812,0.23135442102656645
D4,cal,1.87,510,0.34369030594825745,0.2334559095840828
D4,cal,1.88,510,0.3463619351387024,0.23554773692991218
D4,cal,1.89,510,0.3490297198295593,0.23762985421162022
D4,cal,1.9,510,0.35169345140457153,0.2397020328862994
D4,cal,1.91,510,0.35435304045677185,0.2417643900595459
D4,cal,1.92,510,0.3570082187652588,0.24381674282691057
D4,cal,1.93,510,0.3596588671207428,0.2458590086184296
D4,cal,1.94,510,0.36230483651161194,0.24789132744658224
D4,cal,1.95,510,0.36494603753089905,0.24991350466129827
D4,cal,1.96,510,0.3675821125507355,0.2519255149013856
D4,cal,1.97,510,0.37021318078041077,0.25392743039364907
D4,cal,1.98,510,0.37283897399902344,0.25591903165274976
D4,cal,1.99,510,0.37545931339263916,0.2579003812635646
D4,cal,2.0,510,0.37807413935661316,0.2598715533228481
D4,test,0.5,599,0.19113682210445404,0.03057468056877786
D4,test,0.51,599,0.18798711895942688,0.03028014963974738
D4,test,0.52,599,0.18499504029750824,0.029964402939919043
D4,test,0.53,599,0.18215368688106537,0.029626604810182963
D4,test,0.54,599,0.17945696413516998,0.029265518777557543
D4,test,0.55,599,0.17689919471740723,0.028880764029061853
D4,test,0.56,599,0.17447511851787567,0.028471143297440618
D4,test,0.57,599,0.1721799373626709,0.028036004215329632
D4,test,0.58,599,0.17000925540924072,0.029841736282450532
D4,test,0.59,599,0.16795891523361206,0.02708583025383033
D4,test,0.6,599,0.16602519154548645,0.026569212517873694
D4,test,0.61,599,0.16420450806617737,0.02602396634265857
D4,test,0.62,599,0.16249364614486694,0.025449352690293935
D4,test,0.63,599,0.16088950634002686,0.024844700088087052
D4,test,0.64,599,0.15938930213451385,0.02420946512875058
D4,test,0.65,599,0.15799033641815186,0.023542916535933198
D4,test,0.66,599,0.15669013559818268,0.022844514584103498
D4,test,0.67,599,0.1554863303899765,0.022113971001715818
D4,test,0.68,599,0.15437670052051544,0.021350511226908772
D4,test,0.69,599,0.15335917472839355,0.020553787084971104
D4,test,0.7,599,0.15243172645568848,0.02089799226623946
D4,test,0.71,599,0.15159252285957336,0.02006624706201445
D4,test,0.72,599,0.1508396714925766,0.02009377774093707
D4,test,0.73,599,0.15017151832580566,0.01701961286079906
D4,test,0.74,599,0.14958636462688446,0.018553205443941075
D4,test,0.75,599,0.14908260107040405,0.015198118101575318
D4,test,0.76,599,0.14865878224372864,0.014959967295594175
D4,test,0.77,599,0.1483132243156433,0.014483107051785665
D4,test,0.78,599,0.1480446755886078,0.013754284839598271
D4,test,0.79,599,0.1478516161441803,0.013481915942416565
D4,test,0.8,599,0.1477327197790146,0.012746960272972119
D4,test,0.81,599,0.14768661558628082,0.012079541143869537
D4,test,0.82,599,0.14771203696727753,0.008252926432031625
D4,test,0.83,599,0.14780762791633606,0.007285786491005566
D4,test,0.84,599,0.14797218143939972,0.012245051550347708
D4,test,0.85,599,0.1482044756412506,0.013377391436263169
D4,test,0.86,599,0.14850324392318726,0.015002771440849843
D4,test,0.87,599,0.14886727929115295,0.015728122055630043
D4,test,0.88,599,0.14929541945457458,0.01713076801053269
D4,test,0.89,599,0.14978648722171783,0.018566734902249703
D4,test,0.9,599,0.1503393054008484,0.018870873771645147
D4,test,0.91,599,0.15095272660255432,0.020401874697069052
D4,test,0.92,599,0.1516255885362625,0.022486126980120803
D4,test,0.93,599,0.15235677361488342,0.021923413658778958
D4,test,0.94,599,0.15314523875713348,0.022947590020741752
D4,test,0.95,599,0.1539897322654724,0.025564409257573542
D4,test,0.96,599,0.1548893004655838,0.027981228641357145
D4,test,0.97,599,0.15584272146224976,0.03303464267011076
D4,test,0.98,599,0.1568489968776703,0.034472096941506894
D4,test,0.99,599,0.15790700912475586,0.03990829995956166
D4,test,1.0,599,0.1590157002210617,0.041539330116297415
D4,test,1.01,599,0.16017401218414307,0.04289889564498242
D4,test,1.02,599,0.16138094663619995,0.04403213835717839
D4,test,1.03,599,0.16263534128665924,0.04540735075191185
D4,test,1.04,599,0.16393625736236572,0.0444423021975662
D4,test,1.05,599,0.16528266668319702,0.049360150586384544
D4,test,1.06,599,0.16667351126670837,0.047192253732124004
D4,test,1.07,599,0.16810782253742218,0.04914987186756675
D4,test,1.08,599,0.16958455741405487,0.04777147067409128
D4,test,1.09,599,0.17110276222229004,0.04974227526749115
D4,test,1.1,599,0.1726614087820053,0.05173424329104925
D4,test,1.11,599,0.17425960302352905,0.05374681840157869
D4,test,1.12,599,0.1758963018655777,0.05577916115870657
D4,test,1.13,599,0.17757059633731842,0.057830564366756175
D4,test,1.14,599,0.17928153276443481,0.05990040600797371
D4,test,1.15,599,0.18102821707725525,0.06198802346578223
D4,test,1.16,599,0.18280966579914093,0.06409260038541431
D4,test,1.17,599,0.18462499976158142,0.06429000808320975
D4,test,1.18,599,0.1864733248949051,0.06650858465737611
D4,test,1.19,599,0.1883537471294403,0.06985965500490893
D4,test,1.2,599,0.19026538729667664,0.07260699338825395
D4,test,1.21,599,0.19220729172229767,0.07681627340229205
D4,test,1.22,599,0.1941787749528885,0.07903090572118365
D4,test,1.23,599,0.1961788684129715,0.08125764141496716
D4,test,1.24,599,0.19820675253868103,0.08349568258740865
D4,test,1.25,599,0.200261652469635,0.08730884789425468
D4,test,1.26,599,0.20234271883964539,0.08957414406169834
D4,test,1.27,599,0.20444917678833008,0.09184901015786379
D4,test,1.28,599,0.2065802365541458,0.09413265062492955
D4,test,1.29,599,0.20873510837554932,0.09642457245586315
D4,test,1.3,599,0.2109130322933197,0.09604411008760008
D4,test,1.31,599,0.21311327815055847,0.09699539061579761
D4,test,1.32,599,0.21533505618572235,0.09928381025094624
D4,test,1.33,599,0.2175777405500412,0.10157852956966085
D4,test,1.34,599,0.21984048187732697,0.10387884102799061
D4,test,1.35,599,0.2221226990222931,0.10774447892066433
D4,test,1.36,599,0.22442364692687988,0.1100599865284507
D4,test,1.37,599,0.22674259543418884,0.11237953511223768
D4,test,1.38,599,0.2290789783000946,0.11470265639246205
D4,test,1.39,599,0.23143213987350464,0.1170287948717458
D4,test,1.4,599,0.23380134999752045,0.11801751741582842
D4,test,1.41,599,0.23618602752685547,0.12034218503358168
D4,test,1.42,599,0.23858556151390076,0.12266848799780335
D4,test,1.43,599,0.24099932610988617,0.1249960343507375
D4,test,1.44,599,0.24342675507068634,0.1287152574635507
D4,test,1.45,599,0.24586723744869232,0.13108492569254712
D4,test,1.46,599,0.24832017719745636,0.13492574173341415
D4,test,1.47,599,0.25078511238098145,0.1372577225624619
D4,test,1.48,599,0.25326141715049744,0.13823594080784884
D4,test,1.49,599,0.2557484805583954,0.1406163356339991
D4,test,1.5,599,0.25824591517448425,0.1429944286163343
D4,test,1.51,599,0.26075315475463867,0.14536989362092567
D4,test,1.52,599,0.2632696330547333,0.1466940574733563
D4,test,1.53,599,0.2657949924468994,0.15081187037872354
D4,test,1.54,599,0.26832863688468933,0.15314115024170213
D4,test,1.55,599,0.2708700895309448,0.15546697820964364
D4,test,1.56,599,0.27341899275779724,0.15778876803753167
D4,test,1.57,599,0.2759747803211212,0.16010645713551416
D4,test,1.58,599,0.2785370945930481,0.16241964896851666
D4,test,1.59,599,0.2811053991317749,0.164728075763419
D4,test,1.6,599,0.28367939591407776,0.1652255372232905
D4,test,1.61,599,0.2862585783004761,0.167559371816495
D4,test,1.62,599,0.2888425290584564,0.1698872950021333
D4,test,1.63,599,0.2914309501647949,0.17220903900708498
D4,test,1.64,599,0.29402345418930054,0.17452435416848908
D4,test,1.65,599,0.29661962389945984,0.1768330084362094
D4,test,1.66,599,0.299219012260437,0.17913478991026072
D4,test,1.67,599,0.30182138085365295,0.18142954246428655
D4,test,1.68,599,0.304426372051239,0.18371697598586298
D4,test,1.69,599,0.30703359842300415,0.18599699295820896
D4,test,1.7,599,0.3096427321434021,0.1882693234190519
D4,test,1.71,599,0.312253475189209,0.19053382676511457
D4,test,1.72,599,0.3148655295372009,0.19279037124923554
D4,test,1.73,599,0.3174785077571869,0.19503870815386956
D4,test,1.74,599,0.32009220123291016,0.19727875593309607
D4,test,1.75,599,0.3227062523365021,0.19951031701592647
D4,test,1.76,599,0.32532045245170593,0.20173330040328288
D4,test,1.77,599,0.3279344439506531,0.20394757484553852
D4,test,1.78,599,0.3305480182170868,0.20615288774437818
D4,test,1.79,599,0.3331608772277832,0.2083492719868388
D4,test,1.8,599,0.335772842168808,0.21053657965588446
D4,test,1.81,599,0.3383834958076477,0.21271459556780198
D4,test,1.82,599,0.34099280834198,0.2148833430072103
D4,test,1.83,599,0.34360039234161377,0.21704267261422336
D4,test,1.84,599,0.34620609879493713,0.21919249383754444
D4,test,1.85,599,0.34880968928337097,0.2213326575660547
D4,test,1.86,599,0.3514108657836914,0.2234631508638545
D4,test,1.87,599,0.35400956869125366,0.22558384253107053
D4,test,1.88,599,0.35660549998283386,0.22769477610198008
D4,test,1.89,599,0.3591984510421753,0.22979582788948225
D4,test,1.9,599,0.36178824305534363,0.23188684669281287
D4,test,1.91,599,0.3643748164176941,0.23396783584545375
D4,test,1.92,599,0.36695778369903564,0.23603872743393223
D4,test,1.93,599,0.3695371150970459,0.23809952767743095
D4,test,1.94,599,0.3721126616001129,0.24015018796681958
D4,test,1.95,599,0.3746841251850128,0.24219051127839766
D4,test,1.96,599,0.37725135684013367,0.24422066597787284
D4,test,1.97,599,0.37981435656547546,0.2462405398214401
D4,test,1.98,599,0.3823728561401367,0.24824999548955037
D4,test,1.99,599,0.3849267065525055,0.2502491891085604
D4,test,2.0,599,0.387475848197937,0.2522379749008331
