dataset,delta,n_images,n_groups,pct_images_in_dup_groups,largest_group,label_mixed_groups,linked_pairs
D1,0,3264,2836,22.1,10,2,713
D1,1,3264,2824,22.7,10,2,735
D1,2,3264,2721,27.7,10,2,896
D1,3,3264,2659,31.0,10,5,984
D1,4,3264,2443,41.3,10,10,1280
D1,5,3264,2262,48.8,11,17,1529
D1,6,3264,1920,61.2,70,31,2022
D1,7,3264,1613,70.1,212,41,2607
D1,8,3264,1243,78.5,677,33,3635
D1,9,3264,897,85.3,1319,22,5263
D1,10,3264,617,89.8,2013,16,8204
D2,0,6000,5827,5.4,6,1,220
D2,1,6000,5811,5.9,6,2,236
D2,2,6000,5627,11.3,6,3,443
D2,3,6000,5499,15.0,8,5,591
D2,4,6000,5084,26.0,11,20,1103
D2,5,6000,4638,35.7,25,36,1667
D2,6,6000,3861,50.6,111,52,2806
D2,7,6000,3102,62.3,748,60,4351
D2,8,6000,2245,72.8,2221,44,7177
D2,9,6000,1505,81.9,3499,24,11692
D2,10,6000,934,88.6,4550,8,19747
D3,0,3064,3044,1.2,3,0,24
D3,1,3064,3030,2.1,3,1,38
D3,2,3064,2896,9.7,6,2,188
D3,3,3064,2802,14.7,13,4,308
D3,4,3064,2432,33.2,16,13,769
D3,5,3064,2123,45.8,119,17,1211
D3,6,3064,1593,63.4,325,28,2219
D3,7,3064,1126,76.0,967,23,3592
D3,8,3064,674,86.7,1562,12,6285
D3,9,3064,376,92.8,2307,4,10186
D3,10,3064,167,97.0,2674,3,17057
D4,0,7200,6200,22.0,13,3,1929
D4,1,7200,6131,23.2,13,4,2156
D4,2,7200,5704,30.8,23,7,3685
D4,3,7200,5515,34.7,28,11,4257
D4,4,7200,4982,45.3,28,28,5435
D4,5,7200,4489,53.7,28,38,6417
D4,6,7200,3659,66.2,119,59,8033
D4,7,7200,2881,75.6,808,63,10114
D4,8,7200,2021,83.8,2520,57,13546
D4,9,7200,1314,90.1,4115,30,19087
D4,10,7200,791,94.5,5349,16,29263
