target,source,n_target,near_dup_n,near_dup_pct,exact_n,median_min_hamming,max_min_hamming,matches_manuscript
D1,D2,3264,2212,67.8,2029,0,20,True
D1,D3,3264,2291,70.2,235,4,22,True
D1,D4,3264,2838,86.9,2704,0,15,True
D2,D1,6000,2095,34.9,1989,10,19,True
D2,D3,6000,1770,29.5,158,10,21,True
D2,D4,6000,4829,80.5,4792,0,18,True
D3,D1,3064,2439,79.6,240,4,21,True
D3,D2,3064,1897,61.9,162,5,16,True
D3,D4,3064,2021,66.0,173,4,19,True
D4,D1,7200,3032,42.1,2757,9,19,True
D4,D2,7200,5018,69.7,4811,0,20,True
D4,D3,7200,1918,26.6,172,10,22,True
