dataset,class,SG,SG_sd,SI,SI_sd,GI,GI_sd,mean,SG_above_chance,SI_above_chance,GI_above_chance
D1,glioma,0.08801745942990546,0.05588708506856244,0.1620412660093425,0.048688125941223036,0.07986372157761001,0.05035986894102414,0.10997414900561932,True,True,True
D1,meningioma,0.06772747363083262,0.055396099947783085,0.13569351966748466,0.04583867630451941,0.05125126124744072,0.028667859750753453,0.08489075151525266,False,True,False
D1,no_tumor,0.04875437332816862,0.023876449084641517,0.10038020099214905,0.03497877452191749,0.05818273048916929,0.05041224062114701,0.06910576826982899,False,True,False
D1,pituitary,0.08168746436415329,0.06105209300023362,0.14328671610051252,0.03587648250843162,0.07943066275386328,0.03694163033478855,0.10146828107284304,False,True,True
D2,glioma,0.07364982381027983,0.048824311247800976,0.1401811483327683,0.0376404522286664,0.07306619596936305,0.04080575398991624,0.09563238937080372,False,True,True
D2,meningioma,0.0647327991890651,0.07119550472151696,0.14370258117562973,0.046676464313390155,0.05215323087644478,0.03883528931590823,0.08686287041371321,False,True,False
D2,no_tumor,0.05047492488327222,0.0357899319363161,0.07443833701023939,0.04973604798301993,0.03851902030916823,0.03431521014090263,0.05447742740089328,False,True,False
D2,pituitary,0.08316017202013348,0.07140690480751916,0.14940491060484992,0.0313079450953983,0.07576853600231848,0.043990309101067715,0.1027778728757673,False,True,False
D3,glioma,0.05834588307368627,0.04911893821802167,0.14138439881613904,0.04457853762432317,0.05163623675083249,0.030997142932900627,0.08378883954688593,False,True,False
D3,meningioma,0.09015259139318367,0.07139513080000043,0.1742700371575749,0.03322608099079112,0.08382400886272148,0.05477767479946579,0.11608221247116002,False,True,True
D3,pituitary,0.07239047419676008,0.04305865720703156,0.12721563933699007,0.02950014582967413,0.06752468196423339,0.028152615620439872,0.08904359849932784,False,True,True
D4,glioma,0.056262326937516045,0.03832241905787804,0.13834772542639906,0.04662721726383578,0.05224196942686479,0.03116376618736775,0.08228400726359329,False,True,False
D4,meningioma,0.06972640973961576,0.04896417117534343,0.13609529870593107,0.044492895638645225,0.05557665126036302,0.032832730882186134,0.08713278656863661,False,True,False
D4,no_tumor,0.042962398128121596,0.03820321426356935,0.06980876709018925,0.037577398274809846,0.03760765351526497,0.03452831623951167,0.050126272911191934,False,True,False
D4,pituitary,0.050005440374399315,0.056831909324355376,0.1403630845986729,0.0379815380698008,0.053245087938214676,0.04092932197597913,0.08120453763709563,False,True,False
