stage,epoch,ft_index,res,lr,train_loss,train_acc,val_loss,val_acc,swa,best
warmup,1,,160,0.0001,0.9994100890179356,0.6665899677864703,0.759468290167795,0.7605633802816901,False,False
warmup,2,,160,0.0001,0.663257612564352,0.7931431201104464,0.6501164948436576,0.8028169014084507,False,False
warmup,3,,160,0.0001,0.5939988857362328,0.8202945236999539,0.6409390132192155,0.8098591549295775,False,False
warmup,4,,160,0.0001,0.5686030364288913,0.8428439944776807,0.6343389615206652,0.8028169014084507,False,False
warmup,5,,160,0.0001,0.539479217411898,0.8531983433041878,0.6234529429758099,0.8186619718309859,False,False
warmup,6,,160,0.0001,0.5421077283472165,0.8534284399447768,0.5850486134139585,0.8415492957746479,False,False
warmup,7,,160,0.0001,0.512893091408931,0.8660837551771744,0.5948411024792094,0.823943661971831,False,False
warmup,8,,160,0.0001,0.49928679495871586,0.8732167510354348,0.5624482153167187,0.8362676056338029,False,False
warmup,9,,160,0.0001,0.4965106628207748,0.873676944316613,0.5584015401316361,0.8397887323943662,False,False
warmup,10,,160,0.0001,0.48607474340582796,0.8791992636907501,0.5484344531112993,0.852112676056338,False,False
warmup,11,,160,0.0001,0.4722636212306367,0.8856419696272434,0.5433835987473877,0.8503521126760564,False,False
warmup,12,,160,0.0001,0.46789432123296554,0.8902439024390244,0.562685597110802,0.8345070422535211,False,False
warmup,13,,160,0.0001,0.4636531493052655,0.8946157386102163,0.5688251760643972,0.8433098591549296,False,False
warmup,14,,160,0.0001,0.4588017229983404,0.8890934192360792,0.5545446520120325,0.846830985915493,False,False
warmup,15,,160,0.0001,0.46061629336713045,0.8950759318913943,0.5450281845012181,0.8556338028169014,False,False
finetune,1,0.0,160,2.000000000000001e-06,0.4300598276961634,0.9088817303267372,0.5301125335021758,0.8591549295774648,False,True
finetune,2,1.0,160,2.4411344996074955e-06,0.42967078447671075,0.9093419236079153,0.5255428737318012,0.8644366197183099,False,True
finetune,3,2.0,160,3.721293632486883e-06,0.41635465578060793,0.9093419236079153,0.5037056446914941,0.8644366197183099,False,True
finetune,4,3.0,160,5.714983541193552e-06,0.4011621730726982,0.9215370455591348,0.5032963332995563,0.8679577464788732,False,True
finetune,5,4.0,160,8.226763025671993e-06,0.3808748975115002,0.9330418775885873,0.47919138972188385,0.8820422535211268,False,True
finetune,6,5.0,160,1.1010402622364472e-05,0.3731753616990222,0.9381040036815462,0.47067402785932516,0.8767605633802817,False,True
finetune,7,6.0,160,1.3793022451143319e-05,0.352333389911792,0.9424758398527382,0.4551244722285741,0.8926056338028169,False,True
finetune,8,7.0,160,1.6301842599616035e-05,0.33812368651221986,0.9539806718821905,0.4353498144888542,0.9014084507042254,False,True
finetune,9,8.0,160,1.8290923707604454e-05,0.33025972732354353,0.956051541647492,0.42190839707011907,0.9084507042253521,False,True
finetune,10,9.0,160,1.956527637527498e-05,0.31631810439933133,0.9641049240681087,0.42057359554398227,0.9084507042253521,False,True
finetune,11,10.0,160,1.9999999670942044e-05,0.30609625347517516,0.9673262770363553,0.3887217317668485,0.9225352112676056,False,True
finetune,12,11.0,160,1.9993824547474007e-05,0.2901319201180203,0.9730786930510814,0.38577473163604736,0.9190140845070423,False,True
finetune,13,12.0,160,1.997548567168515e-05,0.290385182489188,0.9749194661757938,0.3707713165753324,0.9313380281690141,False,True
finetune,14,13.0,160,1.9945005386670734e-05,0.2759662809264424,0.9818223653934652,0.3662181001313975,0.9419014084507042,False,True
finetune,15,14.0,160,1.990242082796292e-05,0.2680897455280188,0.9848136217211229,0.36213469379384755,0.9419014084507042,False,True
finetune,16,15.0,160,1.9847783878286854e-05,0.26656088996910027,0.98550391164289,0.3609303823659118,0.9436619718309859,False,True
finetune,17,16.0,160,1.9781161104349526e-05,0.2606542375825047,0.9873446847676024,0.34822461680627204,0.9436619718309859,False,True
finetune,18,17.0,160,1.9702633675738535e-05,0.2545794224717131,0.9921767142199723,0.3596686242331921,0.9419014084507042,False,False
finetune,19,18.0,160,1.9612297266029417e-05,0.2523053303408941,0.9928670041417396,0.344492838416301,0.9419014084507042,False,True
finetune,20,19.0,160,1.9510261936222147e-05,0.2547542577068541,0.9873446847676024,0.334965533773664,0.9471830985915493,False,True
finetune,21,20.0,160,1.939665200064876e-05,0.24684311557189145,0.9924068108605615,0.3382862176693661,0.9419014084507042,False,False
finetune,22,21.0,160,1.9271605875515478e-05,0.24259860520806117,0.99516797054763,0.33258657304333966,0.948943661971831,False,True
finetune,23,22.0,160,1.91352759102639e-05,0.23449085658999888,0.9970087436723424,0.32202262399901804,0.9524647887323944,False,True
finetune,24,23.0,160,1.8987828201956664e-05,0.24025272083238583,0.9926369075011505,0.31601533755450184,0.9524647887323944,False,True
finetune,25,24.0,160,1.882944239291376e-05,0.2346525260011995,0.9953980671882191,0.31036624942027347,0.9577464788732394,False,True
finetune,26,25.0,160,1.866031145184605e-05,0.23278514709661371,0.9960883571099862,0.3036946221976213,0.9595070422535211,False,True
finetune,27,26.0,160,1.8480641438752597e-05,0.23005684714436916,0.9972388403129314,0.3025575704138044,0.9559859154929577,False,True
finetune,28,27.0,160,1.829065125386831e-05,0.22680962872955035,0.9963184537505753,0.30174713991057706,0.9524647887323944,False,True
finetune,29,28.0,160,1.809057237096773e-05,0.22569240571384983,0.9979291302346985,0.30412166051461664,0.9507042253521126,False,False
finetune,30,29.0,160,1.7880648555349882e-05,0.2231192542998625,0.9981592268752876,0.29444933441323295,0.9630281690140845,False,True
finetune,31,30.0,224,1.7661135566847803e-05,0.2520304705023601,0.9848136217211229,0.2862400408361999,0.9595070422535211,False,True
finetune,32,31.0,224,1.743230084822461e-05,0.2364896808935649,0.9912563276576162,0.2839936672801703,0.9647887323943662,False,True
finetune,33,32.0,224,1.719442319933565e-05,0.23464886946333646,0.9905660377358491,0.2675196520039733,0.977112676056338,False,True
finetune,34,33.0,224,1.6947792437453857e-05,0.22718451223886896,0.9949378739070409,0.2692599800271048,0.9735915492957746,False,False
finetune,35,34.0,224,1.6692709044172028e-05,0.2233529694402377,0.9963184537505753,0.27534800893823863,0.9753521126760564,False,False
finetune,36,35.0,224,1.6429483799312293e-05,0.22093844505646676,0.9972388403129314,0.2629932828352485,0.9806338028169014,False,True
finetune,37,36.0,224,1.6158437402288766e-05,0.21827879550815782,0.9972388403129314,0.26523855538435387,0.9753521126760564,False,False
finetune,38,37.0,224,1.587990008138473e-05,0.21722306417420445,0.9974689369535205,0.261437842123945,0.9806338028169014,False,True
finetune,39,38.0,224,1.559421119142032e-05,0.21604826602719646,0.9981592268752876,0.2560271616552917,0.9788732394366197,False,True
finetune,40,39.0,224,1.5301718800300952e-05,0.21558111450719328,0.9983893235158766,0.2570072983352231,0.977112676056338,False,False
finetune,41,40.0,224,1.500277926495022e-05,0.2138161715677242,0.9983893235158766,0.25959446816377235,0.9788732394366197,False,False
finetune,42,41.0,224,1.469775679714383e-05,0.21370527057728897,0.9981592268752876,0.2635422819097277,0.9735915492957746,False,False
finetune,43,42.0,224,1.4387023019773697e-05,0.2134096678697838,0.9981592268752876,0.2606336776639374,0.9788732394366197,False,False
finetune,44,43.0,224,1.4070956514082684e-05,0.21297772385752592,0.9983893235158766,0.259925987519009,0.9753521126760564,False,False
finetune,45,44.0,224,1.3749942358421655e-05,0.2125208813969682,0.9986194201564658,0.25368981713980016,0.9788732394366197,False,True
finetune,46,45.0,224,1.3424371659090845e-05,0.2108814195587072,0.9993097100782329,0.25452441480797783,0.9806338028169014,False,False
finetune,47,46.0,224,1.309464107383707e-05,0.2107467343469287,0.9988495167970548,0.25101655385863614,0.9841549295774648,False,True
finetune,48,47.0,224,1.276115232858736e-05,0.21025682347357355,0.9988495167970548,0.25827237208124615,0.9806338028169014,False,False
finetune,49,48.0,224,1.2424311728007792e-05,0.21032776239551382,0.9990796134376438,0.2600819560843454,0.9788732394366197,False,False
finetune,50,49.0,224,1.2084529660483858e-05,0.208761107150827,1.0,0.2548703307836828,0.9806338028169014,False,False
finetune,51,50.0,224,1.1742220098125423e-05,0.20937194161243938,0.9995398067188219,0.25099903429058235,0.9823943661971831,False,True
finetune,52,51.0,224,1.1397800092405472e-05,0.2079080207195361,0.9995398067188219,0.2551572683831336,0.9823943661971831,False,False
finetune,53,52.0,224,1.1051689266047141e-05,0.2072760986667375,0.9995398067188219,0.24919561936821735,0.9823943661971831,False,True
finetune,54,53.0,224,1.0704309301778062e-05,0.20754876277493925,0.9993097100782329,0.2521725364134345,0.9841549295774648,False,False
finetune,55,54.0,224,1.035608342857492e-05,0.20730087819375917,0.999769903359411,0.2547648238464141,0.9823943661971831,False,False
finetune,56,55.0,224,1.000743590602412e-05,0.20729935662953797,0.9995398067188219,0.250013121416871,0.9823943661971831,False,False
finetune,57,56.0,224,9.658791507426866e-06,0.2069941737508642,0.999769903359411,0.2511314846260447,0.9806338028169014,False,False
finetune,58,57.0,224,9.310575002278285e-06,0.20640804336414434,0.999769903359411,0.24992221593856812,0.9841549295774648,False,False
finetune,59,58.0,224,8.96321063875127e-06,0.20742416592358556,0.9993097100782329,0.2524851552197631,0.9806338028169014,False,False
finetune,60,59.0,224,8.6171216268154e-06,0.20641084568762746,0.9993097100782329,0.2517489623016035,0.9823943661971831,False,False
finetune,61,60.0,224,8.272729622620783e-06,0.20704089537832082,0.9988495167970548,0.24910556514498214,0.9806338028169014,False,True
finetune,62,61.0,224,7.93045421477502e-06,0.20663777766582114,0.9990796134376438,0.25414503795999877,0.9806338028169014,False,False
finetune,63,62.0,224,7.59071241313908e-06,0.2053375223842679,0.999769903359411,0.25147241773739665,0.9806338028169014,False,False
finetune,64,63.0,224,7.2539181407650455e-06,0.20592321564511554,0.9995398067188219,0.24894768755200883,0.9788732394366197,False,True
finetune,65,64.0,224,6.920481729594623e-06,0.20634690640272219,0.999769903359411,0.2524535143879098,0.9823943661971831,False,False
finetune,66,65.0,224,6.590809420532884e-06,0.2055488667466703,1.0,0.24991446859400038,0.9841549295774648,False,False
finetune,67,66.0,224,6.265302868506291e-06,0.20575463210883582,0.9993097100782329,0.24561713740859234,0.9823943661971831,False,True
finetune,68,67.0,224,5.944358653108053e-06,0.2051378791775508,1.0,0.24760727311523867,0.9823943661971831,False,False
finetune,69,68.0,224,5.628367795426958e-06,0.20516813240235596,1.0,0.2484526432735819,0.9788732394366197,False,False
finetune,70,69.0,224,5.317715281648441e-06,0.20567704163220857,0.9995398067188219,0.2463499282447385,0.9806338028169014,False,False
finetune,71,70.0,224,5.012779594008179e-06,0.2055376282195808,0.9995398067188219,0.253258701361401,0.9788732394366197,False,False
finetune,72,71.0,224,4.713932249669824e-06,0.20495726679033033,1.0,0.25045945778698986,0.9788732394366197,False,False
finetune,73,72.0,224,4.421537348088549e-06,0.20442223354138594,1.0,0.2563167025505657,0.977112676056338,False,False
finetune,74,73.0,224,4.135951127411949e-06,0.20519496436032403,0.999769903359411,0.25308111100129677,0.977112676056338,False,False
finetune,75,74.0,224,3.857521530458731e-06,0.2053455796608769,0.9993097100782329,0.2475702703838617,0.9806338028169014,False,False
finetune,76,75.0,224,3.5865877808039938e-06,0.20455734773242853,1.0,0.24955129119711864,0.9823943661971831,True,False
finetune,77,76.0,224,3.731583462671014e-06,0.20592871893264159,0.9995398067188219,0.2519637732438638,0.9788732394366197,True,False
finetune,78,77.0,224,4.30115312338531e-06,0.20535767112000988,0.9993097100782329,0.2486451809674921,0.9841549295774648,True,False
finetune,79,78.0,224,4.922777294976062e-06,0.20427327547213803,1.0,0.24770290834802977,0.9806338028169014,True,False
finetune,80,79.0,224,5.641956627629415e-06,0.2046227023807803,0.999769903359411,0.25345863003126334,0.9806338028169014,True,False
finetune,81,80.0,224,6.520853450838113e-06,0.20438503926929327,1.0,0.2513192060967566,0.9788732394366197,True,False
finetune,82,81.0,224,7.656413788084454e-06,0.20489741242595713,0.999769903359411,0.24803508503336302,0.9788732394366197,True,False
finetune,83,82.0,224,9.217970777766657e-06,0.20447110087433773,0.999769903359411,0.24989055244015976,0.977112676056338,True,False
finetune,84,83.0,224,1.1533705229346925e-05,0.20391927662254533,1.0,0.24591295232235547,0.9806338028169014,True,False
finetune,85,84.0,224,1.5268369006706495e-05,0.20422403353235988,0.999769903359411,0.2465902759995259,0.9823943661971831,True,False
finetune,86,85.0,224,2e-05,0.20410027790058607,1.0,0.24768885592339743,0.9806338028169014,True,False
finetune,87,86.0,224,2e-05,0.20436075934604517,1.0,0.2446116456683253,0.9841549295774648,True,True
finetune,88,87.0,224,2e-05,0.20434429846597715,0.999769903359411,0.24946672479871293,0.9788732394366197,True,False
finetune,89,88.0,224,2e-05,0.20438626722646538,1.0,0.24572383140174436,0.9806338028169014,True,False
finetune,90,89.0,224,2e-05,0.20449024795443574,0.999769903359411,0.24597582850657718,0.9823943661971831,True,False
finetune,91,90.0,224,2e-05,0.20431442888607038,1.0,0.2505160091628491,0.9806338028169014,True,False
finetune,92,91.0,224,2e-05,0.2039548432667904,1.0,0.2483281564544624,0.9806338028169014,True,False
finetune,93,92.0,224,2e-05,0.2038432230638898,1.0,0.24900892125049107,0.9806338028169014,True,False
finetune,94,93.0,224,2e-05,0.20413639828789032,1.0,0.2529663779366184,0.977112676056338,True,False
finetune,95,94.0,224,2e-05,0.20467120183402912,0.9993097100782329,0.247945700732755,0.9841549295774648,True,False
finetune,96,95.0,224,2e-05,0.20445433077288838,0.9993097100782329,0.25016391529163845,0.9806338028169014,True,False
finetune,97,96.0,224,2e-05,0.20443018777163086,0.999769903359411,0.24533360147140396,0.9823943661971831,True,False
finetune,98,97.0,224,2e-05,0.203699400800195,1.0,0.24731757943059357,0.9806338028169014,True,False
finetune,99,98.0,224,2e-05,0.2038835359096966,1.0,0.2521091808735485,0.9788732394366197,True,False
finetune,100,99.0,224,2e-05,0.20528778786956578,0.9993097100782329,0.24639674895246264,0.9823943661971831,True,False
